{"mean":{"confidence_interval":{"confidence_level":0.95,"lower_bound":68121.9267578125,"upper_bound":68854.64453125},"point_estimate":68488.28564453125,"standard_error":259.2412795516595},"median":{"confidence_interval":{"confidence_level":0.95,"lower_bound":68121.9267578125,"upper_bound":68854.64453125},"point_estimate":68488.28564453125,"standard_error":259.2412795516595},"median_abs_dev":{"confidence_interval":{"confidence_level":0.95,"lower_bound":0.0,"upper_bound":543.1636758061359},"point_estimate":543.1636758061359,"standard_error":271.58291424470633},"slope":{"confidence_interval":{"confidence_level":0.95,"lower_bound":68121.9267578125,"upper_bound":68854.64453125},"point_estimate":68268.4703125,"standard_error":281.47628035937487},"std_dev":{"confidence_interval":{"confidence_level":0.95,"lower_bound":0.0,"upper_bound":518.1097062935646},"point_estimate":518.1097062935646,"standard_error":259.05587984128334}}