{"mean":{"confidence_interval":{"confidence_level":0.95,"lower_bound":283307.87219343043,"upper_bound":284956.31815048883},"point_estimate":284098.353219508,"standard_error":421.01022578357174},"median":{"confidence_interval":{"confidence_level":0.95,"lower_bound":281712.5,"upper_bound":283584.08518145164},"point_estimate":282618.3333333333,"standard_error":446.1872172836034},"median_abs_dev":{"confidence_interval":{"confidence_level":0.95,"lower_bound":1669.6947149806406,"upper_bound":3438.9899163333776},"point_estimate":2561.3410598149853,"standard_error":434.9981567291921},"slope":{"confidence_interval":{"confidence_level":0.95,"lower_bound":282616.10611473327,"upper_bound":283921.3090038349},"point_estimate":283240.135584454,"standard_error":333.1666104690572},"std_dev":{"confidence_interval":{"confidence_level":0.95,"lower_bound":3371.213873323122,"upper_bound":4952.23474144845},"point_estimate":4243.2975446053715,"standard_error":403.36916873994255}}