{"mean":{"confidence_interval":{"confidence_level":0.95,"lower_bound":239188.47488590793,"upper_bound":240172.68974113485},"point_estimate":239624.71544638657,"standard_error":254.12884031693616},"median":{"confidence_interval":{"confidence_level":0.95,"lower_bound":238960.9125,"upper_bound":239285.0695652174},"point_estimate":239136.5138848573,"standard_error":77.91247280229327},"median_abs_dev":{"confidence_interval":{"confidence_level":0.95,"lower_bound":455.478763260626,"upper_bound":815.9457698046932},"point_estimate":654.4723256831255,"standard_error":93.63508388909878},"slope":{"confidence_interval":{"confidence_level":0.95,"lower_bound":239016.36696626936,"upper_bound":239275.91184300356},"point_estimate":239139.31606797694,"standard_error":66.19908667567657},"std_dev":{"confidence_interval":{"confidence_level":0.95,"lower_bound":1080.3954820360898,"upper_bound":3728.826895846275},"point_estimate":2555.526767521831,"standard_error":684.2790852242854}}