{"mean":{"confidence_interval":{"confidence_level":0.95,"lower_bound":403.15920052981335,"upper_bound":404.1670510226536},"point_estimate":403.5912316122242,"standard_error":0.25868900815552537},"median":{"confidence_interval":{"confidence_level":0.95,"lower_bound":402.7886259347043,"upper_bound":403.1348581085423},"point_estimate":402.95089830804113,"standard_error":0.08602811967790118},"median_abs_dev":{"confidence_interval":{"confidence_level":0.95,"lower_bound":0.5333604282140382,"upper_bound":1.0114643918746387},"point_estimate":0.7049106405138686,"standard_error":0.12038746368707581},"slope":{"confidence_interval":{"confidence_level":0.95,"lower_bound":402.9509488886115,"upper_bound":403.45759633024943},"point_estimate":403.18052575286504,"standard_error":0.12932606058935825},"std_dev":{"confidence_interval":{"confidence_level":0.95,"lower_bound":1.100324243463115,"upper_bound":4.006179767025068},"point_estimate":2.5978053614361554,"standard_error":0.8343504999600948}}