{"mean":{"confidence_interval":{"confidence_level":0.95,"lower_bound":9303.537426213232,"upper_bound":9370.107173794882},"point_estimate":9332.387360515579,"standard_error":17.179392669403093},"median":{"confidence_interval":{"confidence_level":0.95,"lower_bound":9279.808411214954,"upper_bound":9304.677711696404},"point_estimate":9293.397520768433,"standard_error":5.856780761056771},"median_abs_dev":{"confidence_interval":{"confidence_level":0.95,"lower_bound":35.08485364534739,"upper_bound":62.49099796972779},"point_estimate":48.404904202947264,"standard_error":6.611545268058412},"slope":{"confidence_interval":{"confidence_level":0.95,"lower_bound":9283.577072935495,"upper_bound":9308.913221214561},"point_estimate":9295.579284073756,"standard_error":6.440912023994268},"std_dev":{"confidence_interval":{"confidence_level":0.95,"lower_bound":73.77219588281383,"upper_bound":265.6540440078608},"point_estimate":173.66143854765266,"standard_error":53.87842175462088}}