{"mean":{"confidence_interval":{"confidence_level":0.95,"lower_bound":1049.7826477052795,"upper_bound":1053.254777620369},"point_estimate":1051.2995703861513,"standard_error":0.8908320796461736},"median":{"confidence_interval":{"confidence_level":0.95,"lower_bound":1050.240283902977,"upper_bound":1052.2037261973726},"point_estimate":1051.6710221021604,"standard_error":0.4771215069688642},"median_abs_dev":{"confidence_interval":{"confidence_level":0.95,"lower_bound":2.472821875889261,"upper_bound":5.3581083628156945},"point_estimate":3.655471937994035,"standard_error":0.7800010365482968},"slope":{"confidence_interval":{"confidence_level":0.95,"lower_bound":1049.6823879661156,"upper_bound":1052.6722495665585},"point_estimate":1051.0167013991793,"standard_error":0.7649577485813486},"std_dev":{"confidence_interval":{"confidence_level":0.95,"lower_bound":4.175566239074896,"upper_bound":13.665581802508717},"point_estimate":8.952922588009304,"standard_error":2.723757326581625}}