{"mean":{"confidence_interval":{"confidence_level":0.95,"lower_bound":409.1689649145731,"upper_bound":410.93274522519346},"point_estimate":409.95979490804825,"standard_error":0.4535550849621523},"median":{"confidence_interval":{"confidence_level":0.95,"lower_bound":408.7662541957343,"upper_bound":409.3229426433915},"point_estimate":409.0533700210626,"standard_error":0.12934784636684057},"median_abs_dev":{"confidence_interval":{"confidence_level":0.95,"lower_bound":0.7696257072973895,"upper_bound":1.4283159000054593},"point_estimate":1.0854169024200389,"standard_error":0.16614907784902389},"slope":{"confidence_interval":{"confidence_level":0.95,"lower_bound":409.00215949588915,"upper_bound":409.61044844101684},"point_estimate":409.29760316709826,"standard_error":0.1550730025878754},"std_dev":{"confidence_interval":{"confidence_level":0.95,"lower_bound":1.9709256461495102,"upper_bound":6.440617258919377},"point_estimate":4.563939395741783,"standard_error":1.0977922981220611}}