{"mean":{"confidence_interval":{"confidence_level":0.95,"lower_bound":258.8820590968692,"upper_bound":259.7986780895481},"point_estimate":259.2947180691735,"standard_error":0.2351217773086599},"median":{"confidence_interval":{"confidence_level":0.95,"lower_bound":258.5108085764183,"upper_bound":259.4365869646407},"point_estimate":259.02776862106003,"standard_error":0.21520606385181287},"median_abs_dev":{"confidence_interval":{"confidence_level":0.95,"lower_bound":1.247201550026587,"upper_bound":1.919269637015147},"point_estimate":1.6241955556228038,"standard_error":0.17166933722020394},"slope":{"confidence_interval":{"confidence_level":0.95,"lower_bound":258.87982047062997,"upper_bound":259.5465387248096},"point_estimate":259.2098375134802,"standard_error":0.16976184926427332},"std_dev":{"confidence_interval":{"confidence_level":0.95,"lower_bound":1.4055393369875553,"upper_bound":3.460938674588377},"point_estimate":2.3707357714247848,"standard_error":0.6235521628107166}}