{"mean":{"confidence_interval":{"confidence_level":0.95,"lower_bound":22.368574142456055,"upper_bound":23.065900802612305},"point_estimate":22.71723747253418,"standard_error":0.24696183962969934},"median":{"confidence_interval":{"confidence_level":0.95,"lower_bound":22.368574142456055,"upper_bound":23.065900802612305},"point_estimate":22.71723747253418,"standard_error":0.24696183962969934},"median_abs_dev":{"confidence_interval":{"confidence_level":0.95,"lower_bound":0.0,"upper_bound":0.5169282439965173},"point_estimate":0.5169282439965173,"standard_error":0.2584639203941272},"slope":{"confidence_interval":{"confidence_level":0.95,"lower_bound":22.368574142456055,"upper_bound":23.065900802612305},"point_estimate":22.508039474487305,"standard_error":0.26811448170932073},"std_dev":{"confidence_interval":{"confidence_level":0.95,"lower_bound":0.0,"upper_bound":0.49308441009865145},"point_estimate":0.49308441009865145,"standard_error":0.24654201274430726}}