{"mean":{"confidence_interval":{"confidence_level":0.95,"lower_bound":11.486715253510251,"upper_bound":11.53075365220109},"point_estimate":11.506699662106193,"standard_error":0.011241637117224505},"median":{"confidence_interval":{"confidence_level":0.95,"lower_bound":11.473378179523928,"upper_bound":11.486040980764512},"point_estimate":11.476707795318614,"standard_error":0.003499630526598029},"median_abs_dev":{"confidence_interval":{"confidence_level":0.95,"lower_bound":0.02465069360527871,"upper_bound":0.04697894099412686},"point_estimate":0.0344239013330044,"standard_error":0.006166687557079003},"slope":{"confidence_interval":{"confidence_level":0.95,"lower_bound":11.48256566092954,"upper_bound":11.523329144301165},"point_estimate":11.498473484910427,"standard_error":0.010808759907108738},"std_dev":{"confidence_interval":{"confidence_level":0.95,"lower_bound":0.058363399890826936,"upper_bound":0.15649771699733422},"point_estimate":0.11292312818531733,"standard_error":0.024892313317432347}}