{"mean":{"confidence_interval":{"confidence_level":0.95,"lower_bound":11.327120680121249,"upper_bound":11.373316077336078},"point_estimate":11.34826380625538,"standard_error":0.011796139217206656},"median":{"confidence_interval":{"confidence_level":0.95,"lower_bound":11.351497739004332,"upper_bound":11.366637201678818},"point_estimate":11.360513602556164,"standard_error":0.003803542867937879},"median_abs_dev":{"confidence_interval":{"confidence_level":0.95,"lower_bound":0.021172403985948614,"upper_bound":0.07042991466435916},"point_estimate":0.037940806158198295,"standard_error":0.01328326856638755},"slope":{"confidence_interval":{"confidence_level":0.95,"lower_bound":11.321753156208214,"upper_bound":11.3890011351334},"point_estimate":11.351845946970586,"standard_error":0.017283586304860273},"std_dev":{"confidence_interval":{"confidence_level":0.95,"lower_bound":0.07043491490858769,"upper_bound":0.16789090735987458},"point_estimate":0.11845220001400864,"standard_error":0.026171323165898857}}