{"mean":{"confidence_interval":{"confidence_level":0.95,"lower_bound":269.1555621834049,"upper_bound":269.8101217509534},"point_estimate":269.4466039208545,"standard_error":0.16804159971785818},"median":{"confidence_interval":{"confidence_level":0.95,"lower_bound":268.9500556530919,"upper_bound":269.1230388116196},"point_estimate":269.0209333055042,"standard_error":0.04369656043524784},"median_abs_dev":{"confidence_interval":{"confidence_level":0.95,"lower_bound":0.28716506433524625,"upper_bound":0.536302208025543},"point_estimate":0.3832252523444246,"standard_error":0.06394465716760657},"slope":{"confidence_interval":{"confidence_level":0.95,"lower_bound":269.11967855083503,"upper_bound":269.9988582356166},"point_estimate":269.4648756850727,"standard_error":0.23262135244034687},"std_dev":{"confidence_interval":{"confidence_level":0.95,"lower_bound":0.7704700335678348,"upper_bound":2.423654621824851},"point_estimate":1.6850447766308567,"standard_error":0.4249735222804387}}