{"mean":{"confidence_interval":{"confidence_level":0.95,"lower_bound":2077333.9198,"upper_bound":2083336.5953099993},"point_estimate":2080039.8935999998,"standard_error":1539.5936514711616},"median":{"confidence_interval":{"confidence_level":0.95,"lower_bound":2075477.6600000001,"upper_bound":2078518.46},"point_estimate":2076990.96,"standard_error":827.6820051550784},"median_abs_dev":{"confidence_interval":{"confidence_level":0.95,"lower_bound":5137.683340787984,"upper_bound":8942.515976938457},"point_estimate":7274.228510856663,"standard_error":1028.102338361843},"slope":null,"std_dev":{"confidence_interval":{"confidence_level":0.95,"lower_bound":7972.28533280377,"upper_bound":22587.936630128872},"point_estimate":15498.329446143918,"standard_error":3888.388187154386}}