{"mean":{"confidence_interval":{"confidence_level":0.95,"lower_bound":68164.81095515433,"upper_bound":68343.18669627416},"point_estimate":68247.36178486614,"standard_error":45.40625831462845},"median":{"confidence_interval":{"confidence_level":0.95,"lower_bound":68099.06599326599,"upper_bound":68203.53945138889},"point_estimate":68168.00736842105,"standard_error":31.545491981119405},"median_abs_dev":{"confidence_interval":{"confidence_level":0.95,"lower_bound":179.97972960471083,"upper_bound":302.54622133888756},"point_estimate":252.55362327236796,"standard_error":32.42400131961019},"slope":{"confidence_interval":{"confidence_level":0.95,"lower_bound":68158.29926431517,"upper_bound":68299.73241906079},"point_estimate":68224.5332324516,"standard_error":35.95131661906561},"std_dev":{"confidence_interval":{"confidence_level":0.95,"lower_bound":293.76019714924854,"upper_bound":634.7376646610513},"point_estimate":455.7703621116824,"standard_error":95.82840075922871}}