{"mean":{"confidence_interval":{"confidence_level":0.95,"lower_bound":32900.634765625,"upper_bound":34495.60546875},"point_estimate":33698.1201171875,"standard_error":563.5450260403862},"median":{"confidence_interval":{"confidence_level":0.95,"lower_bound":32900.634765625,"upper_bound":34495.60546875},"point_estimate":33698.1201171875,"standard_error":563.5450260403862},"median_abs_dev":{"confidence_interval":{"confidence_level":0.95,"lower_bound":0.0,"upper_bound":1182.3517612356227},"point_estimate":1182.3517612356227,"standard_error":591.1783672415862},"slope":{"confidence_interval":{"confidence_level":0.95,"lower_bound":32900.634765625,"upper_bound":34495.60546875},"point_estimate":33219.62890625,"standard_error":611.9412168269503},"std_dev":{"confidence_interval":{"confidence_level":0.95,"lower_bound":0.0,"upper_bound":1127.8145999735632},"point_estimate":1127.8145999735632,"standard_error":563.909671912802}}