{"mean":{"confidence_interval":{"confidence_level":0.95,"lower_bound":7066.910639140629,"upper_bound":7107.951722884532},"point_estimate":7085.599258571297,"standard_error":10.519028365771414},"median":{"confidence_interval":{"confidence_level":0.95,"lower_bound":7050.38926056338,"upper_bound":7084.573467834031},"point_estimate":7062.629431845309,"standard_error":8.29448701621809},"median_abs_dev":{"confidence_interval":{"confidence_level":0.95,"lower_bound":47.781379473122755,"upper_bound":83.89949838771034},"point_estimate":69.05863873207707,"standard_error":9.698445401413517},"slope":{"confidence_interval":{"confidence_level":0.95,"lower_bound":7042.795545358823,"upper_bound":7063.889236380535},"point_estimate":7052.767953531742,"standard_error":5.382021581790413},"std_dev":{"confidence_interval":{"confidence_level":0.95,"lower_bound":56.70651004682168,"upper_bound":149.40377964373684},"point_estimate":105.36549542865474,"standard_error":24.334510483233323}}