{"mean":{"confidence_interval":{"confidence_level":0.95,"lower_bound":7.932227709210908,"upper_bound":7.954653387433715},"point_estimate":7.94248010127339,"standard_error":0.005738676927594838},"median":{"confidence_interval":{"confidence_level":0.95,"lower_bound":7.925950028853956,"upper_bound":7.94071054693648},"point_estimate":7.9325297448917125,"standard_error":0.004615792937023518},"median_abs_dev":{"confidence_interval":{"confidence_level":0.95,"lower_bound":0.021781607782093863,"upper_bound":0.03990056777638567},"point_estimate":0.028189085880881724,"standard_error":0.004537216196136817},"slope":{"confidence_interval":{"confidence_level":0.95,"lower_bound":7.929110996882592,"upper_bound":7.944996724817382},"point_estimate":7.936626118929525,"standard_error":0.004067185200001975},"std_dev":{"confidence_interval":{"confidence_level":0.95,"lower_bound":0.03552453147153515,"upper_bound":0.08193872213229837},"point_estimate":0.057617168771596346,"standard_error":0.013389459351045088}}