{"mean":{"confidence_interval":{"confidence_level":0.95,"lower_bound":229.81412601470947,"upper_bound":235.28110599517822},"point_estimate":232.54761600494385,"standard_error":1.9327421354150127},"median":{"confidence_interval":{"confidence_level":0.95,"lower_bound":229.81412601470947,"upper_bound":235.28110599517822},"point_estimate":232.54761600494385,"standard_error":1.9327421354150127},"median_abs_dev":{"confidence_interval":{"confidence_level":0.95,"lower_bound":0.0,"upper_bound":4.0526721875721705},"point_estimate":4.0526721875721705,"standard_error":2.026346205684274},"slope":{"confidence_interval":{"confidence_level":0.95,"lower_bound":229.81412601470947,"upper_bound":235.28110599517822},"point_estimate":234.18770999908446,"standard_error":2.1063507097054264},"std_dev":{"confidence_interval":{"confidence_level":0.95,"lower_bound":0.0,"upper_bound":3.8657386168005523},"point_estimate":3.8657386168005523,"standard_error":1.9328789538770845}}