{"mean":{"confidence_interval":{"confidence_level":0.95,"lower_bound":1116.6365051269531,"upper_bound":1119.7336120605469},"point_estimate":1118.18505859375,"standard_error":1.0944165986911203},"median":{"confidence_interval":{"confidence_level":0.95,"lower_bound":1116.6365051269531,"upper_bound":1119.7336120605469},"point_estimate":1118.18505859375,"standard_error":1.0944165986911203},"median_abs_dev":{"confidence_interval":{"confidence_level":0.95,"lower_bound":0.0,"upper_bound":2.2958853291129344},"point_estimate":2.2958853291129344,"standard_error":1.1479477593952483},"slope":{"confidence_interval":{"confidence_level":0.95,"lower_bound":1116.6365051269531,"upper_bound":1119.7336120605469},"point_estimate":1117.255926513672,"standard_error":1.1886778412711068},"std_dev":{"confidence_interval":{"confidence_level":0.95,"lower_bound":0.0,"upper_bound":2.189985314804015},"point_estimate":2.189985314804015,"standard_error":1.0949975172351882}}