{"mean":{"confidence_interval":{"confidence_level":0.95,"lower_bound":660.8425433776594,"upper_bound":665.3140382679094},"point_estimate":662.9860573143119,"standard_error":1.1445507813301719},"median":{"confidence_interval":{"confidence_level":0.95,"lower_bound":657.2719118982743,"upper_bound":661.3263703045932},"point_estimate":659.0974066724585,"standard_error":1.0961078783336249},"median_abs_dev":{"confidence_interval":{"confidence_level":0.95,"lower_bound":5.151679394932076,"upper_bound":10.099220622113476},"point_estimate":7.644039725290469,"standard_error":1.2793825705670419},"slope":{"confidence_interval":{"confidence_level":0.95,"lower_bound":661.435992247661,"upper_bound":665.2511704478052},"point_estimate":663.3512818256896,"standard_error":0.9762068043585231},"std_dev":{"confidence_interval":{"confidence_level":0.95,"lower_bound":8.623585184466178,"upper_bound":14.039418087441305},"point_estimate":11.504668425430168,"standard_error":1.3858331910503086}}