{"mean":{"confidence_interval":{"confidence_level":0.95,"lower_bound":231.70238863818258,"upper_bound":232.3968671355058},"point_estimate":231.98574218304063,"standard_error":0.18184017283545012},"median":{"confidence_interval":{"confidence_level":0.95,"lower_bound":231.4913499139684,"upper_bound":231.77299389957767},"point_estimate":231.65114367482528,"standard_error":0.06801882547134759},"median_abs_dev":{"confidence_interval":{"confidence_level":0.95,"lower_bound":0.34677535263437753,"upper_bound":0.5850060243860458},"point_estimate":0.471759509901583,"standard_error":0.061178774329306594},"slope":{"confidence_interval":{"confidence_level":0.95,"lower_bound":231.61537412956642,"upper_bound":232.03530739392195},"point_estimate":231.79418887391867,"standard_error":0.10858644956806836},"std_dev":{"confidence_interval":{"confidence_level":0.95,"lower_bound":0.6223646688489093,"upper_bound":2.9464136791720645},"point_estimate":1.8343244748935466,"standard_error":0.7249166682625373}}