{"mean":{"confidence_interval":{"confidence_level":0.95,"lower_bound":88494.0984086134,"upper_bound":88831.3369933899},"point_estimate":88623.22523660287,"standard_error":90.05649570993533},"median":{"confidence_interval":{"confidence_level":0.95,"lower_bound":88449.85698198198,"upper_bound":88498.74885288066},"point_estimate":88485.20395299146,"standard_error":11.249518919565386},"median_abs_dev":{"confidence_interval":{"confidence_level":0.95,"lower_bound":96.7920020570566,"upper_bound":157.21086842484246},"point_estimate":129.41822867331132,"standard_error":15.531528593211586},"slope":{"confidence_interval":{"confidence_level":0.95,"lower_bound":88473.08211071887,"upper_bound":88639.20255270755},"point_estimate":88546.1076483917,"standard_error":42.60611217057786},"std_dev":{"confidence_interval":{"confidence_level":0.95,"lower_bound":185.82441614795098,"upper_bound":1503.6589477405541},"point_estimate":906.7827937290073,"standard_error":416.9319304382748}}