{"mean":{"confidence_interval":{"confidence_level":0.95,"lower_bound":350.6269541867191,"upper_bound":351.8982800349904},"point_estimate":351.2169554042653,"standard_error":0.3251276664985499},"median":{"confidence_interval":{"confidence_level":0.95,"lower_bound":350.03865416078634,"upper_bound":350.5237887842569},"point_estimate":350.27844191906127,"standard_error":0.12115709710354224},"median_abs_dev":{"confidence_interval":{"confidence_level":0.95,"lower_bound":0.8517216089646211,"upper_bound":1.4224052525879423},"point_estimate":1.0886663293089278,"standard_error":0.1451181925005273},"slope":{"confidence_interval":{"confidence_level":0.95,"lower_bound":350.2454771632437,"upper_bound":350.83951811299306},"point_estimate":350.5272902066921,"standard_error":0.15148736342202193},"std_dev":{"confidence_interval":{"confidence_level":0.95,"lower_bound":2.041051792064836,"upper_bound":4.374978761054796},"point_estimate":3.269281947718276,"standard_error":0.5991244735532536}}