{"mean":{"confidence_interval":{"confidence_level":0.95,"lower_bound":17.316174507141113,"upper_bound":17.764616012573242},"point_estimate":17.540395259857178,"standard_error":0.15837588341464867},"median":{"confidence_interval":{"confidence_level":0.95,"lower_bound":17.316174507141113,"upper_bound":17.764616012573242},"point_estimate":17.540395259857178,"standard_error":0.15837588341464867},"median_abs_dev":{"confidence_interval":{"confidence_level":0.95,"lower_bound":0.0,"upper_bound":0.33242968207503054},"point_estimate":0.33242968207503054,"standard_error":0.16621527715572315},"slope":{"confidence_interval":{"confidence_level":0.95,"lower_bound":17.316174507141113,"upper_bound":17.764616012573242},"point_estimate":17.40586280822754,"standard_error":0.1722064725816685},"std_dev":{"confidence_interval":{"confidence_level":0.95,"lower_bound":0.0,"upper_bound":0.31709602945656234},"point_estimate":0.31709602945656234,"standard_error":0.15854843073013425}}