{"mean":{"confidence_interval":{"confidence_level":0.95,"lower_bound":751.5349436419415,"upper_bound":755.9062439344718},"point_estimate":753.6297811726068,"standard_error":1.1179125265977954},"median":{"confidence_interval":{"confidence_level":0.95,"lower_bound":748.2204808321485,"upper_bound":753.3023610053312},"point_estimate":749.8693458216526,"standard_error":1.4749457450918464},"median_abs_dev":{"confidence_interval":{"confidence_level":0.95,"lower_bound":5.413711595072739,"upper_bound":10.56719895733571},"point_estimate":7.8263159697859175,"standard_error":1.3678984964894931},"slope":{"confidence_interval":{"confidence_level":0.95,"lower_bound":750.6853830490362,"upper_bound":754.2558247136812},"point_estimate":752.4572958280244,"standard_error":0.9120946873280154},"std_dev":{"confidence_interval":{"confidence_level":0.95,"lower_bound":8.325132485194432,"upper_bound":14.342956515434368},"point_estimate":11.260942170522789,"standard_error":1.5748234760879556}}