{"mean":{"confidence_interval":{"confidence_level":0.95,"lower_bound":780.0403154397998,"upper_bound":783.8335958165943},"point_estimate":781.8394983509447,"standard_error":0.9663531313100839},"median":{"confidence_interval":{"confidence_level":0.95,"lower_bound":776.9756619937694,"upper_bound":780.5280373831775},"point_estimate":778.5718179795283,"standard_error":0.9176015915224044},"median_abs_dev":{"confidence_interval":{"confidence_level":0.95,"lower_bound":3.73198284664717,"upper_bound":7.185151471864902},"point_estimate":5.41926550989108,"standard_error":0.8643557329104314},"slope":{"confidence_interval":{"confidence_level":0.95,"lower_bound":780.4461765905747,"upper_bound":783.8875260079482},"point_estimate":782.1558525292479,"standard_error":0.8783931393261246},"std_dev":{"confidence_interval":{"confidence_level":0.95,"lower_bound":7.02073570805694,"upper_bound":11.983307508662469},"point_estimate":9.703474587301173,"standard_error":1.2662942556579007}}