{"mean":{"confidence_interval":{"confidence_level":0.95,"lower_bound":3288.557455356488,"upper_bound":3302.3852270089865},"point_estimate":3294.964646566021,"standard_error":3.5399965977944885},"median":{"confidence_interval":{"confidence_level":0.95,"lower_bound":3282.763652408638,"upper_bound":3290.6385985637935},"point_estimate":3286.0848387727183,"standard_error":1.9778124574227824},"median_abs_dev":{"confidence_interval":{"confidence_level":0.95,"lower_bound":12.770018219290565,"upper_bound":25.495704409939766},"point_estimate":18.462442252650334,"standard_error":3.446589256213823},"slope":{"confidence_interval":{"confidence_level":0.95,"lower_bound":3282.494878681565,"upper_bound":3290.1632158957195},"point_estimate":3286.126729099151,"standard_error":1.9588352525920374},"std_dev":{"confidence_interval":{"confidence_level":0.95,"lower_bound":21.846800517731904,"upper_bound":48.64921318454994},"point_estimate":35.68313190777178,"standard_error":7.00091906266834}}