{"mean":{"confidence_interval":{"confidence_level":0.95,"lower_bound":3610.3190175146074,"upper_bound":3623.0883610725405},"point_estimate":3616.203047166742,"standard_error":3.262601899254062},"median":{"confidence_interval":{"confidence_level":0.95,"lower_bound":3610.039553140097,"upper_bound":3618.300156294402},"point_estimate":3614.351130187747,"standard_error":1.91565488896198},"median_abs_dev":{"confidence_interval":{"confidence_level":0.95,"lower_bound":16.396247288198506,"upper_bound":24.87435541057944},"point_estimate":21.045954705659675,"standard_error":2.070252306375392},"slope":{"confidence_interval":{"confidence_level":0.95,"lower_bound":3612.6327538823575,"upper_bound":3623.7381203620457},"point_estimate":3617.939984697691,"standard_error":2.830594139716832},"std_dev":{"confidence_interval":{"confidence_level":0.95,"lower_bound":19.80723200680356,"upper_bound":46.5921467025596},"point_estimate":32.929203942496244,"standard_error":7.346232701105867}}