{"mean":{"confidence_interval":{"confidence_level":0.95,"lower_bound":249.61307018670604,"upper_bound":250.63803713779956},"point_estimate":250.07809643235825,"standard_error":0.26146426566180553},"median":{"confidence_interval":{"confidence_level":0.95,"lower_bound":249.19783001808318,"upper_bound":249.34516359399578},"point_estimate":249.24103243670885,"standard_error":0.0420957620703999},"median_abs_dev":{"confidence_interval":{"confidence_level":0.95,"lower_bound":0.20734836719825148,"upper_bound":0.41085430546750235},"point_estimate":0.29341143508626266,"standard_error":0.051219549986018506},"slope":{"confidence_interval":{"confidence_level":0.95,"lower_bound":249.37956913757202,"upper_bound":250.27443081255117},"point_estimate":249.77283013133356,"standard_error":0.23039259950523638},"std_dev":{"confidence_interval":{"confidence_level":0.95,"lower_bound":1.5070862323506486,"upper_bound":3.488446002254518},"point_estimate":2.612349580676833,"standard_error":0.5054388077039621}}