{"mean":{"confidence_interval":{"confidence_level":0.95,"lower_bound":89795.84933372027,"upper_bound":90150.82565596228},"point_estimate":89962.61980114877,"standard_error":90.81688534479547},"median":{"confidence_interval":{"confidence_level":0.95,"lower_bound":89656.56028368794,"upper_bound":89862.09615384616},"point_estimate":89780.83087989295,"standard_error":55.57274352562489},"median_abs_dev":{"confidence_interval":{"confidence_level":0.95,"lower_bound":309.70907368279643,"upper_bound":528.4050694139543},"point_estimate":436.19959339293575,"standard_error":57.54665255311609},"slope":{"confidence_interval":{"confidence_level":0.95,"lower_bound":89745.80579091898,"upper_bound":90001.31976502608},"point_estimate":89861.35415743067,"standard_error":65.36910227203984},"std_dev":{"confidence_interval":{"confidence_level":0.95,"lower_bound":639.8556092510672,"upper_bound":1163.7234728596393},"point_estimate":917.6284940630605,"standard_error":133.90081573747668}}