{"mean":{"confidence_interval":{"confidence_level":0.95,"lower_bound":89523.83127303331,"upper_bound":89928.94581284032},"point_estimate":89687.33713714586,"standard_error":106.7189108754807},"median":{"confidence_interval":{"confidence_level":0.95,"lower_bound":89394.82716049382,"upper_bound":89566.94341440723},"point_estimate":89474.44152210007,"standard_error":45.82319414767614},"median_abs_dev":{"confidence_interval":{"confidence_level":0.95,"lower_bound":237.16840680107202,"upper_bound":415.2916397058307},"point_estimate":329.0120152288364,"standard_error":48.886174467364135},"slope":{"confidence_interval":{"confidence_level":0.95,"lower_bound":89448.72964711988,"upper_bound":89599.90338870684},"point_estimate":89519.29029185754,"standard_error":38.693025331113624},"std_dev":{"confidence_interval":{"confidence_level":0.95,"lower_bound":374.5504462476558,"upper_bound":1736.9375796332074},"point_estimate":1074.0261074968016,"standard_error":442.73473032719033}}