{"mean":{"confidence_interval":{"confidence_level":0.95,"lower_bound":338930.83912010957,"upper_bound":340674.8925908069},"point_estimate":339612.28139446495,"standard_error":460.6406032450581},"median":{"confidence_interval":{"confidence_level":0.95,"lower_bound":338610.6913580247,"upper_bound":338865.82196969696},"point_estimate":338737.1004273504,"standard_error":67.4734335884096},"median_abs_dev":{"confidence_interval":{"confidence_level":0.95,"lower_bound":307.12470288074155,"upper_bound":582.3290112568395},"point_estimate":399.43257439306103,"standard_error":70.88180416709166},"slope":{"confidence_interval":{"confidence_level":0.95,"lower_bound":338760.9142061362,"upper_bound":339135.50004703103},"point_estimate":338932.97507610463,"standard_error":95.67937949072507},"std_dev":{"confidence_interval":{"confidence_level":0.95,"lower_bound":1135.0195431300372,"upper_bound":7605.309399678168},"point_estimate":4628.946202182702,"standard_error":2029.9858339967727}}