{"mean":{"confidence_interval":{"confidence_level":0.95,"lower_bound":4191.733466689666,"upper_bound":4209.041068951484},"point_estimate":4199.691637679074,"standard_error":4.427061171721427},"median":{"confidence_interval":{"confidence_level":0.95,"lower_bound":4187.74802648332,"upper_bound":4194.458087080986},"point_estimate":4191.197160682455,"standard_error":1.8901887753626352},"median_abs_dev":{"confidence_interval":{"confidence_level":0.95,"lower_bound":11.040852725423656,"upper_bound":19.514359538366826},"point_estimate":14.793705194166586,"standard_error":2.087124708924005},"slope":{"confidence_interval":{"confidence_level":0.95,"lower_bound":4186.829505273561,"upper_bound":4192.633862987917},"point_estimate":4189.7122091638485,"standard_error":1.4824320902742487},"std_dev":{"confidence_interval":{"confidence_level":0.95,"lower_bound":26.64345763755288,"upper_bound":58.85546570764519},"point_estimate":44.35344069504694,"standard_error":8.250402603249153}}