{"mean":{"confidence_interval":{"confidence_level":0.95,"lower_bound":304.87433705384586,"upper_bound":306.4380248522446},"point_estimate":305.5775271683907,"standard_error":0.40111169698285565},"median":{"confidence_interval":{"confidence_level":0.95,"lower_bound":305.22448855782187,"upper_bound":305.46312968888185},"point_estimate":305.3467004308416,"standard_error":0.06553304231295938},"median_abs_dev":{"confidence_interval":{"confidence_level":0.95,"lower_bound":0.5468432738564096,"upper_bound":1.8913126800246494},"point_estimate":1.0340982697166239,"standard_error":0.37530814597168005},"slope":{"confidence_interval":{"confidence_level":0.95,"lower_bound":304.83036298156736,"upper_bound":306.24016386011425},"point_estimate":305.4889102678163,"standard_error":0.35929323018396053},"std_dev":{"confidence_interval":{"confidence_level":0.95,"lower_bound":2.244396662141482,"upper_bound":5.951409023209954},"point_estimate":4.039307819948538,"standard_error":1.079707303159937}}