{"mean":{"confidence_interval":{"confidence_level":0.95,"lower_bound":3645.8665888996525,"upper_bound":3657.6876137932186},"point_estimate":3651.5779283328616,"standard_error":3.0115817984602953},"median":{"confidence_interval":{"confidence_level":0.95,"lower_bound":3645.3181460084033,"upper_bound":3655.6642432253802},"point_estimate":3651.7358942853457,"standard_error":2.8746537480067387},"median_abs_dev":{"confidence_interval":{"confidence_level":0.95,"lower_bound":17.436654613927786,"upper_bound":28.80293845188133},"point_estimate":22.482143862035365,"standard_error":2.862292709663957},"slope":{"confidence_interval":{"confidence_level":0.95,"lower_bound":3650.118719907215,"upper_bound":3657.065722405192},"point_estimate":3653.694489814324,"standard_error":1.765708202639139},"std_dev":{"confidence_interval":{"confidence_level":0.95,"lower_bound":22.53389464025367,"upper_bound":38.104039262102646},"point_estimate":30.312616036247483,"standard_error":4.02792764123516}}