{"mean":{"confidence_interval":{"confidence_level":0.95,"lower_bound":8678.445471793042,"upper_bound":8760.887527762763},"point_estimate":8711.732008932551,"standard_error":21.550513695657067},"median":{"confidence_interval":{"confidence_level":0.95,"lower_bound":8656.794694178334,"upper_bound":8678.537084398977},"point_estimate":8667.548879638194,"standard_error":5.737004174091437},"median_abs_dev":{"confidence_interval":{"confidence_level":0.95,"lower_bound":30.732151286620457,"upper_bound":57.289474295646066},"point_estimate":41.20152819774353,"standard_error":6.65727725779358},"slope":{"confidence_interval":{"confidence_level":0.95,"lower_bound":8661.148043026704,"upper_bound":8685.15247599958},"point_estimate":8672.449076066076,"standard_error":6.138490538457816},"std_dev":{"confidence_interval":{"confidence_level":0.95,"lower_bound":67.89214226410392,"upper_bound":350.75230822101105},"point_estimate":217.0365013732438,"standard_error":87.5149651589093}}