{"mean":{"confidence_interval":{"confidence_level":0.95,"lower_bound":6.471240318926108,"upper_bound":6.492185644360034},"point_estimate":6.480679287443041,"standard_error":0.005386953663102386},"median":{"confidence_interval":{"confidence_level":0.95,"lower_bound":6.464555042123894,"upper_bound":6.471607331269539},"point_estimate":6.467866830803617,"standard_error":0.001731808805902999},"median_abs_dev":{"confidence_interval":{"confidence_level":0.95,"lower_bound":0.00969315131648735,"upper_bound":0.017384958688404974},"point_estimate":0.011972057160877592,"standard_error":0.0019450052418953918},"slope":{"confidence_interval":{"confidence_level":0.95,"lower_bound":6.466904727326234,"upper_bound":6.490493581154353},"point_estimate":6.477468335627306,"standard_error":0.006066660955541584},"std_dev":{"confidence_interval":{"confidence_level":0.95,"lower_bound":0.028150463022808606,"upper_bound":0.07848032586468313},"point_estimate":0.05434135092776178,"standard_error":0.01342008422305475}}