{"mean":{"confidence_interval":{"confidence_level":0.95,"lower_bound":3206.3757465515773,"upper_bound":3216.4985218375728},"point_estimate":3211.2476847078733,"standard_error":2.5753367771707283},"median":{"confidence_interval":{"confidence_level":0.95,"lower_bound":3202.475541254997,"upper_bound":3213.912878787879},"point_estimate":3206.700412585753,"standard_error":3.023180857667231},"median_abs_dev":{"confidence_interval":{"confidence_level":0.95,"lower_bound":13.844161845436263,"upper_bound":22.719961127711617},"point_estimate":16.457779346272293,"standard_error":2.3183973397846103},"slope":{"confidence_interval":{"confidence_level":0.95,"lower_bound":3208.068921127146,"upper_bound":3216.3590590379627},"point_estimate":3212.0916570868176,"standard_error":2.1072602066736423},"std_dev":{"confidence_interval":{"confidence_level":0.95,"lower_bound":19.287892510519622,"upper_bound":31.962576295708278},"point_estimate":25.872356879576643,"standard_error":3.2480550455789206}}