{"mean":{"confidence_interval":{"confidence_level":0.95,"lower_bound":4793850.581886363,"upper_bound":4801173.405545454},"point_estimate":4797407.335454546,"standard_error":1866.8377155022526},"median":{"confidence_interval":{"confidence_level":0.95,"lower_bound":4788891.409090909,"upper_bound":4798575.090909091},"point_estimate":4793181.5,"standard_error":2675.0244160178804},"median_abs_dev":{"confidence_interval":{"confidence_level":0.95,"lower_bound":12647.656030005051,"upper_bound":20916.924774104522},"point_estimate":15359.061818231174,"standard_error":2034.9324079423131},"slope":null,"std_dev":{"confidence_interval":{"confidence_level":0.95,"lower_bound":15049.937153293198,"upper_bound":22130.48685360938},"point_estimate":18715.258711750408,"standard_error":1801.0575812854743}}