{"mean":{"confidence_interval":{"confidence_level":0.95,"lower_bound":8700.183287420547,"upper_bound":8733.253542668668},"point_estimate":8714.923512717485,"standard_error":8.505508912103243},"median":{"confidence_interval":{"confidence_level":0.95,"lower_bound":8685.785162057686,"upper_bound":8707.02296471516},"point_estimate":8695.217029643074,"standard_error":6.14055400119095},"median_abs_dev":{"confidence_interval":{"confidence_level":0.95,"lower_bound":23.628952826302832,"upper_bound":39.86175919191452},"point_estimate":29.323758507177054,"standard_error":4.0821905399142855},"slope":{"confidence_interval":{"confidence_level":0.95,"lower_bound":8693.355311600413,"upper_bound":8727.637298769576},"point_estimate":8707.21548069968,"standard_error":9.01911782391744},"std_dev":{"confidence_interval":{"confidence_level":0.95,"lower_bound":41.36509257764605,"upper_bound":121.86077674132414},"point_estimate":85.63167584927544,"standard_error":20.580601480556993}}