{"mean":{"confidence_interval":{"confidence_level":0.95,"lower_bound":262.225154876709,"upper_bound":262.97398376464844},"point_estimate":262.5995693206787,"standard_error":0.26488435049769654},"median":{"confidence_interval":{"confidence_level":0.95,"lower_bound":262.225154876709,"upper_bound":262.97398376464844},"point_estimate":262.5995693206787,"standard_error":0.26488435049769654},"median_abs_dev":{"confidence_interval":{"confidence_level":0.95,"lower_bound":0.0,"upper_bound":0.5551068447744001},"point_estimate":0.5551068447744001,"standard_error":0.27755467138707607},"slope":{"confidence_interval":{"confidence_level":0.95,"lower_bound":262.225154876709,"upper_bound":262.97398376464844},"point_estimate":262.3749206542969,"standard_error":0.2879226977259307},"std_dev":{"confidence_interval":{"confidence_level":0.95,"lower_bound":0.0,"upper_bound":0.5295019846103686},"point_estimate":0.5295019846103686,"standard_error":0.26475218369405473}}