{"mean":{"confidence_interval":{"confidence_level":0.95,"lower_bound":601.7508687596431,"upper_bound":606.113383184139},"point_estimate":603.4804109908971,"standard_error":1.1566747568686477},"median":{"confidence_interval":{"confidence_level":0.95,"lower_bound":601.0626990881459,"upper_bound":601.9426199125213},"point_estimate":601.4437416117966,"standard_error":0.22367132169048282},"median_abs_dev":{"confidence_interval":{"confidence_level":0.95,"lower_bound":1.5144396172138401,"upper_bound":2.6827323566272425},"point_estimate":2.0402407711403994,"standard_error":0.28405388996244857},"slope":{"confidence_interval":{"confidence_level":0.95,"lower_bound":601.0480007847482,"upper_bound":602.1649784340182},"point_estimate":601.56290303336,"standard_error":0.28453168916131005},"std_dev":{"confidence_interval":{"confidence_level":0.95,"lower_bound":3.295348987226676,"upper_bound":18.926696360448343},"point_estimate":11.581814513032123,"standard_error":4.9969953732124655}}