{"mean":{"confidence_interval":{"confidence_level":0.95,"lower_bound":530.257026109558,"upper_bound":532.3606506471406},"point_estimate":531.1837941919947,"standard_error":0.5400065332642985},"median":{"confidence_interval":{"confidence_level":0.95,"lower_bound":529.3397026317607,"upper_bound":530.8529621698787},"point_estimate":529.7850621101837,"standard_error":0.46527103836737765},"median_abs_dev":{"confidence_interval":{"confidence_level":0.95,"lower_bound":2.183371650123336,"upper_bound":3.697028017989957},"point_estimate":2.7160184572869595,"standard_error":0.3820574916945724},"slope":{"confidence_interval":{"confidence_level":0.95,"lower_bound":529.3900326723582,"upper_bound":530.2625609449809},"point_estimate":529.8202405046027,"standard_error":0.22292358406444285},"std_dev":{"confidence_interval":{"confidence_level":0.95,"lower_bound":2.921962586286917,"upper_bound":8.107925898615447},"point_estimate":5.43337455956155,"standard_error":1.5792664416654305}}