{"mean":{"confidence_interval":{"confidence_level":0.95,"lower_bound":506.00162924296325,"upper_bound":507.2028854236878},"point_estimate":506.5507748331696,"standard_error":0.3071490723003748},"median":{"confidence_interval":{"confidence_level":0.95,"lower_bound":505.7121987531404,"upper_bound":506.3551404526328},"point_estimate":506.07125217385897,"standard_error":0.1572464545847556},"median_abs_dev":{"confidence_interval":{"confidence_level":0.95,"lower_bound":0.9449159804824174,"upper_bound":1.7513508895383576},"point_estimate":1.2388644786340202,"standard_error":0.2074044496161375},"slope":{"confidence_interval":{"confidence_level":0.95,"lower_bound":506.13596941225086,"upper_bound":506.936478026412},"point_estimate":506.51634558492435,"standard_error":0.20444271684348767},"std_dev":{"confidence_interval":{"confidence_level":0.95,"lower_bound":1.812543849925928,"upper_bound":4.409568333114716},"point_estimate":3.0860516094216597,"standard_error":0.7176859847379385}}