{"mean":{"confidence_interval":{"confidence_level":0.95,"lower_bound":11.885203961851587,"upper_bound":11.95300426562918},"point_estimate":11.916894613036247,"standard_error":0.017299328160711242},"median":{"confidence_interval":{"confidence_level":0.95,"lower_bound":11.881452590649365,"upper_bound":11.932484155970212},"point_estimate":11.913949243941184,"standard_error":0.01248613950523005},"median_abs_dev":{"confidence_interval":{"confidence_level":0.95,"lower_bound":0.054982531065104985,"upper_bound":0.12821479104043232},"point_estimate":0.09595522312801766,"standard_error":0.01744144266563877},"slope":{"confidence_interval":{"confidence_level":0.95,"lower_bound":11.906241033987355,"upper_bound":12.007194545842106},"point_estimate":11.950645041590626,"standard_error":0.02591548913544085},"std_dev":{"confidence_interval":{"confidence_level":0.95,"lower_bound":0.1141733972277167,"upper_bound":0.232594550317818},"point_estimate":0.17440791761077473,"standard_error":0.03081796079588551}}