{"mean":{"confidence_interval":{"confidence_level":0.95,"lower_bound":755.609451849786,"upper_bound":759.2517772623451},"point_estimate":757.2765378665011,"standard_error":0.933283464687777},"median":{"confidence_interval":{"confidence_level":0.95,"lower_bound":753.4427285567176,"upper_bound":756.2845623066181},"point_estimate":754.6190740246147,"standard_error":0.7636763569560767},"median_abs_dev":{"confidence_interval":{"confidence_level":0.95,"lower_bound":3.130831575012842,"upper_bound":5.744634102604641},"point_estimate":4.162270030286991,"standard_error":0.6855446579631148},"slope":{"confidence_interval":{"confidence_level":0.95,"lower_bound":755.2172418457633,"upper_bound":758.5996386911117},"point_estimate":756.7788926996044,"standard_error":0.8629308531967513},"std_dev":{"confidence_interval":{"confidence_level":0.95,"lower_bound":5.538796536999363,"upper_bound":13.229804168908624},"point_estimate":9.354509350675118,"standard_error":2.0624968498811485}}