{"mean":{"confidence_interval":{"confidence_level":0.95,"lower_bound":48.25092181387624,"upper_bound":48.451530443561566},"point_estimate":48.342309050024554,"standard_error":0.051334644542022724},"median":{"confidence_interval":{"confidence_level":0.95,"lower_bound":48.1672220304731,"upper_bound":48.203065603923974},"point_estimate":48.18025926743738,"standard_error":0.008507797870459069},"median_abs_dev":{"confidence_interval":{"confidence_level":0.95,"lower_bound":0.05957874302359701,"upper_bound":0.13294124892148157},"point_estimate":0.08626835052474095,"standard_error":0.018579983010596848},"slope":{"confidence_interval":{"confidence_level":0.95,"lower_bound":48.22007811271984,"upper_bound":48.40170524194412},"point_estimate":48.300527696866794,"standard_error":0.0468907417867732},"std_dev":{"confidence_interval":{"confidence_level":0.95,"lower_bound":0.291297671865073,"upper_bound":0.6992337137481599},"point_estimate":0.5155927950188135,"standard_error":0.10396354435512073}}