{"mean":{"confidence_interval":{"confidence_level":0.95,"lower_bound":15397715.8431875,"upper_bound":15418999.3745625},"point_estimate":15407999.8875,"standard_error":5446.563409909394},"median":{"confidence_interval":{"confidence_level":0.95,"lower_bound":15386675.03125,"upper_bound":15406845.625},"point_estimate":15400708.75,"standard_error":5458.777684126164},"median_abs_dev":{"confidence_interval":{"confidence_level":0.95,"lower_bound":32503.409872949123,"upper_bound":55117.36364459618},"point_estimate":43019.676811248064,"standard_error":6113.1629535204775},"slope":null,"std_dev":{"confidence_interval":{"confidence_level":0.95,"lower_bound":43275.19692786652,"upper_bound":65043.453628834235},"point_estimate":54866.63481766601,"standard_error":5554.154872638106}}