{"mean":{"confidence_interval":{"confidence_level":0.95,"lower_bound":104.42185330703327,"upper_bound":104.80181126474717},"point_estimate":104.56310250534482,"standard_error":0.10568139325179046},"median":{"confidence_interval":{"confidence_level":0.95,"lower_bound":104.36068034482096,"upper_bound":104.42898624267028},"point_estimate":104.38891983059227,"standard_error":0.016698339530404515},"median_abs_dev":{"confidence_interval":{"confidence_level":0.95,"lower_bound":0.11502651425141477,"upper_bound":0.22766052921974209},"point_estimate":0.15674660896309195,"standard_error":0.028470094084628902},"slope":{"confidence_interval":{"confidence_level":0.95,"lower_bound":104.40651948814138,"upper_bound":104.48617141624884},"point_estimate":104.44508693963284,"standard_error":0.020421828585488962},"std_dev":{"confidence_interval":{"confidence_level":0.95,"lower_bound":0.2146216305508304,"upper_bound":1.7890627626594249},"point_estimate":1.0632058097034784,"standard_error":0.5424868355402032}}