{"mean":{"confidence_interval":{"confidence_level":0.95,"lower_bound":698.8936830370801,"upper_bound":703.1861406738378},"point_estimate":700.887356160905,"standard_error":1.0969395765792527},"median":{"confidence_interval":{"confidence_level":0.95,"lower_bound":698.2211061729295,"upper_bound":701.131454800459},"point_estimate":699.7626614811422,"standard_error":0.7374065410804012},"median_abs_dev":{"confidence_interval":{"confidence_level":0.95,"lower_bound":3.8693122696649684,"upper_bound":6.38606006505705},"point_estimate":4.917817376379813,"standard_error":0.62548920035824},"slope":{"confidence_interval":{"confidence_level":0.95,"lower_bound":695.7774534819464,"upper_bound":699.0149483087439},"point_estimate":697.4309643739698,"standard_error":0.8267852875544611},"std_dev":{"confidence_interval":{"confidence_level":0.95,"lower_bound":6.97868737760685,"upper_bound":14.93629700353078},"point_estimate":11.04173630555991,"standard_error":2.080440391929099}}