{"mean":{"confidence_interval":{"confidence_level":0.95,"lower_bound":225.9336831267477,"upper_bound":226.72456968077634},"point_estimate":226.2850303453168,"standard_error":0.2020721774290572},"median":{"confidence_interval":{"confidence_level":0.95,"lower_bound":225.74839120739088,"upper_bound":226.14096291836017},"point_estimate":225.86035576732183,"standard_error":0.09716782995261651},"median_abs_dev":{"confidence_interval":{"confidence_level":0.95,"lower_bound":0.6384766267277501,"upper_bound":1.1886440650930894},"point_estimate":0.8913102271042873,"standard_error":0.13222977774290987},"slope":{"confidence_interval":{"confidence_level":0.95,"lower_bound":225.90990341539307,"upper_bound":226.44499900041868},"point_estimate":226.15534956169915,"standard_error":0.13678723856872452},"std_dev":{"confidence_interval":{"confidence_level":0.95,"lower_bound":1.0682531345822681,"upper_bound":3.0167612796242675},"point_estimate":2.0382064945488017,"standard_error":0.5540839810194859}}