{"mean":{"confidence_interval":{"confidence_level":0.95,"lower_bound":1013.7130179223557,"upper_bound":1018.995943596394},"point_estimate":1016.3450995746572,"standard_error":1.3395982640477322},"median":{"confidence_interval":{"confidence_level":0.95,"lower_bound":1014.630328193884,"upper_bound":1019.4559844633861},"point_estimate":1017.4746049258888,"standard_error":1.3444421983773462},"median_abs_dev":{"confidence_interval":{"confidence_level":0.95,"lower_bound":8.166728086562937,"upper_bound":14.50043214759761},"point_estimate":10.902571325992064,"standard_error":1.6584316329860331},"slope":{"confidence_interval":{"confidence_level":0.95,"lower_bound":1013.8720163980454,"upper_bound":1018.2443426922418},"point_estimate":1016.0965738415186,"standard_error":1.1145457760962747},"std_dev":{"confidence_interval":{"confidence_level":0.95,"lower_bound":11.010036966432352,"upper_bound":15.764913053128115},"point_estimate":13.458858589080975,"standard_error":1.217653273019602}}