{"mean":{"confidence_interval":{"confidence_level":0.95,"lower_bound":147.80060828525424,"upper_bound":148.74387045458667},"point_estimate":148.25033369032354,"standard_error":0.24165607149500967},"median":{"confidence_interval":{"confidence_level":0.95,"lower_bound":147.11967871087748,"upper_bound":147.3132457721693},"point_estimate":147.20904581336964,"standard_error":0.04940559208704515},"median_abs_dev":{"confidence_interval":{"confidence_level":0.95,"lower_bound":0.274671410681738,"upper_bound":0.5188153867809469},"point_estimate":0.392360889812,"standard_error":0.060230316591289634},"slope":{"confidence_interval":{"confidence_level":0.95,"lower_bound":147.26296003929264,"upper_bound":147.8411482610042},"point_estimate":147.51767075103706,"standard_error":0.1483571496701932},"std_dev":{"confidence_interval":{"confidence_level":0.95,"lower_bound":1.8817186395003547,"upper_bound":2.854597257318372},"point_estimate":2.430814719007798,"standard_error":0.24860586492110695}}