{"mean":{"confidence_interval":{"confidence_level":0.95,"lower_bound":1166.3591176044927,"upper_bound":1173.275477089817},"point_estimate":1169.3883926961241,"standard_error":1.784029647613637},"median":{"confidence_interval":{"confidence_level":0.95,"lower_bound":1164.4531559620314,"upper_bound":1166.8208538722358},"point_estimate":1165.5681390312575,"standard_error":0.6093452651007482},"median_abs_dev":{"confidence_interval":{"confidence_level":0.95,"lower_bound":3.889806457138502,"upper_bound":6.857509367180188},"point_estimate":4.974142118572915,"standard_error":0.7600810702338366},"slope":{"confidence_interval":{"confidence_level":0.95,"lower_bound":1166.7105370142874,"upper_bound":1173.1447098465887},"point_estimate":1169.385837147398,"standard_error":1.6650959840372421},"std_dev":{"confidence_interval":{"confidence_level":0.95,"lower_bound":7.310800998731916,"upper_bound":26.671051059787242},"point_estimate":17.97259737971325,"standard_error":5.098846519402651}}