{"mean":{"confidence_interval":{"confidence_level":0.95,"lower_bound":1184.5427376734956,"upper_bound":1188.7498746115932},"point_estimate":1186.518845686458,"standard_error":1.0746575914433143},"median":{"confidence_interval":{"confidence_level":0.95,"lower_bound":1183.1542369805843,"upper_bound":1186.0771073238138},"point_estimate":1184.5870045334432,"standard_error":0.7089720337697801},"median_abs_dev":{"confidence_interval":{"confidence_level":0.95,"lower_bound":4.234303218764545,"upper_bound":7.055760123937904},"point_estimate":5.635768125590285,"standard_error":0.7299494517266067},"slope":{"confidence_interval":{"confidence_level":0.95,"lower_bound":1181.712463054588,"upper_bound":1186.204955645839},"point_estimate":1183.8019909405366,"standard_error":1.1426705066907212},"std_dev":{"confidence_interval":{"confidence_level":0.95,"lower_bound":7.38892891178565,"upper_bound":14.365536370997004},"point_estimate":10.817452490436908,"standard_error":1.8357460581358886}}