{"mean":{"confidence_interval":{"confidence_level":0.95,"lower_bound":145821.08268133007,"upper_bound":146579.98737936947},"point_estimate":146159.49153817873,"standard_error":194.83474743455503},"median":{"confidence_interval":{"confidence_level":0.95,"lower_bound":145618.31211802905,"upper_bound":145844.7074829932},"point_estimate":145682.50910686856,"standard_error":50.6493798139579},"median_abs_dev":{"confidence_interval":{"confidence_level":0.95,"lower_bound":365.2453355012425,"upper_bound":615.0632636745482},"point_estimate":492.2848058056552,"standard_error":62.829482690421514},"slope":{"confidence_interval":{"confidence_level":0.95,"lower_bound":145701.3844599562,"upper_bound":146071.60077906348},"point_estimate":145862.40259072388,"standard_error":94.98081132672456},"std_dev":{"confidence_interval":{"confidence_level":0.95,"lower_bound":941.3199452703719,"upper_bound":2787.655243125254},"point_estimate":1954.9039393830683,"standard_error":472.3913143105217}}