{"mean":{"confidence_interval":{"confidence_level":0.95,"lower_bound":218546.7928749647,"upper_bound":219793.09282085308},"point_estimate":219081.18987937216,"standard_error":322.6789048969625},"median":{"confidence_interval":{"confidence_level":0.95,"lower_bound":218226.16842105263,"upper_bound":218419.7888888889},"point_estimate":218266.98457290133,"standard_error":56.75902223714916},"median_abs_dev":{"confidence_interval":{"confidence_level":0.95,"lower_bound":506.5041057247624,"upper_bound":878.4819712581291},"point_estimate":668.5338865648919,"standard_error":95.93895104737764},"slope":{"confidence_interval":{"confidence_level":0.95,"lower_bound":218376.9518775424,"upper_bound":218932.91260709605},"point_estimate":218620.55306871582,"standard_error":143.14644493270214},"std_dev":{"confidence_interval":{"confidence_level":0.95,"lower_bound":1356.5767129970632,"upper_bound":4996.093071480267},"point_estimate":3235.445516120442,"standard_error":1068.5448172187434}}