{"mean":{"confidence_interval":{"confidence_level":0.95,"lower_bound":337.27007201793487,"upper_bound":338.7278849985007},"point_estimate":337.9122948061507,"standard_error":0.37564300771324594},"median":{"confidence_interval":{"confidence_level":0.95,"lower_bound":336.85960496111636,"upper_bound":337.29654467725265},"point_estimate":337.00360504618,"standard_error":0.12101053573137538},"median_abs_dev":{"confidence_interval":{"confidence_level":0.95,"lower_bound":0.8890075854855701,"upper_bound":1.5524190563600904},"point_estimate":1.2599659764529811,"standard_error":0.17117918162886828},"slope":{"confidence_interval":{"confidence_level":0.95,"lower_bound":337.09887500646147,"upper_bound":338.0094052176621},"point_estimate":337.5075482677797,"standard_error":0.23486953746603034},"std_dev":{"confidence_interval":{"confidence_level":0.95,"lower_bound":1.8145130619499619,"upper_bound":5.694339753174289},"point_estimate":3.7994928437579376,"standard_error":1.0895560264602178}}