{"mean":{"confidence_interval":{"confidence_level":0.95,"lower_bound":682.7375106811523,"upper_bound":683.3471832275391},"point_estimate":683.0423469543457,"standard_error":0.21559447793614944},"median":{"confidence_interval":{"confidence_level":0.95,"lower_bound":682.7375106811523,"upper_bound":683.3471832275391},"point_estimate":683.0423469543457,"standard_error":0.21559447793614944},"median_abs_dev":{"confidence_interval":{"confidence_level":0.95,"lower_bound":0.0,"upper_bound":0.45195025061275373},"point_estimate":0.45195025061275373,"standard_error":0.22597623711244694},"slope":{"confidence_interval":{"confidence_level":0.95,"lower_bound":682.7375106811523,"upper_bound":683.3471832275391},"point_estimate":682.8594451904297,"standard_error":0.23404158350451554},"std_dev":{"confidence_interval":{"confidence_level":0.95,"lower_bound":0.0,"upper_bound":0.43110359185331876},"point_estimate":0.43110359185331876,"standard_error":0.21555285644938108}}