{"mean":{"confidence_interval":{"confidence_level":0.95,"lower_bound":12039104.28965,"upper_bound":12069812.069350002},"point_estimate":12053260.447999997,"standard_error":7841.9874899024035},"median":{"confidence_interval":{"confidence_level":0.95,"lower_bound":12025929.6,"upper_bound":12044785.2},"point_estimate":12036547.2,"standard_error":4473.973022694834},"median_abs_dev":{"confidence_interval":{"confidence_level":0.95,"lower_bound":29882.247249485168,"upper_bound":62658.4221590893},"point_estimate":43857.679381371374,"standard_error":8232.48885528443},"slope":null,"std_dev":{"confidence_interval":{"confidence_level":0.95,"lower_bound":49726.820087074666,"upper_bound":110999.61903515077},"point_estimate":78953.90625370273,"standard_error":17429.517079376878}}