{"mean":{"confidence_interval":{"confidence_level":0.95,"lower_bound":1004.5540663103575,"upper_bound":1008.8939516003085},"point_estimate":1006.5688063565009,"standard_error":1.1086312611029367},"median":{"confidence_interval":{"confidence_level":0.95,"lower_bound":1003.0528188916346,"upper_bound":1005.5695620169305},"point_estimate":1004.3667645586355,"standard_error":0.5992556334956965},"median_abs_dev":{"confidence_interval":{"confidence_level":0.95,"lower_bound":4.1258688534770815,"upper_bound":6.702473103340832},"point_estimate":5.504199876083254,"standard_error":0.658963515745893},"slope":{"confidence_interval":{"confidence_level":0.95,"lower_bound":1002.6441512619347,"upper_bound":1005.0383045201424},"point_estimate":1003.8086523579242,"standard_error":0.6100178176214515},"std_dev":{"confidence_interval":{"confidence_level":0.95,"lower_bound":6.999480158554626,"upper_bound":14.502970612302539},"point_estimate":11.12493833880726,"standard_error":1.9120733501391507}}