{"mean":{"confidence_interval":{"confidence_level":0.95,"lower_bound":720.9988179411863,"upper_bound":725.2631647621671},"point_estimate":723.0566703185124,"standard_error":1.0861234644877846},"median":{"confidence_interval":{"confidence_level":0.95,"lower_bound":718.9436615916208,"upper_bound":720.8889212827988},"point_estimate":719.700095278401,"standard_error":0.5221272144774317},"median_abs_dev":{"confidence_interval":{"confidence_level":0.95,"lower_bound":4.192304714532765,"upper_bound":7.231425157913642},"point_estimate":5.861744970972218,"standard_error":0.7552979596575231},"slope":{"confidence_interval":{"confidence_level":0.95,"lower_bound":721.8328812392681,"upper_bound":727.7650095839201},"point_estimate":724.6320373071858,"standard_error":1.5114223171504564},"std_dev":{"confidence_interval":{"confidence_level":0.95,"lower_bound":8.713073863514044,"upper_bound":12.776876883974086},"point_estimate":10.939529425989441,"standard_error":1.0390777326590002}}