{"mean":{"confidence_interval":{"confidence_level":0.95,"lower_bound":27036898.9085,"upper_bound":27186669.775375},"point_estimate":27108640.22,"standard_error":38200.31602263434},"median":{"confidence_interval":{"confidence_level":0.95,"lower_bound":26947474.0,"upper_bound":27018789.0},"point_estimate":26988989.25,"standard_error":20165.353213688944},"median_abs_dev":{"confidence_interval":{"confidence_level":0.95,"lower_bound":96900.51037967205,"upper_bound":203443.99924814698},"point_estimate":150852.3234218359,"standard_error":27604.852492619648},"slope":null,"std_dev":{"confidence_interval":{"confidence_level":0.95,"lower_bound":297040.63040082075,"upper_bound":461146.7618456542},"point_estimate":384732.7315355619,"standard_error":41903.368399303086}}