{"mean":{"confidence_interval":{"confidence_level":0.95,"lower_bound":849.5823059082031,"upper_bound":853.6106719970703},"point_estimate":851.5964889526367,"standard_error":1.4261348826452562},"median":{"confidence_interval":{"confidence_level":0.95,"lower_bound":849.5823059082031,"upper_bound":853.6106719970703},"point_estimate":851.5964889526367,"standard_error":1.4261348826452562},"median_abs_dev":{"confidence_interval":{"confidence_level":0.95,"lower_bound":0.0,"upper_bound":2.986227728661106},"point_estimate":2.986227728661106,"standard_error":1.4931160475820076},"slope":{"confidence_interval":{"confidence_level":0.95,"lower_bound":849.5823059082031,"upper_bound":853.6106719970703},"point_estimate":852.8049987792969,"standard_error":1.5490540854972998},"std_dev":{"confidence_interval":{"confidence_level":0.95,"lower_bound":0.0,"upper_bound":2.8484849785399184},"point_estimate":2.8484849785399184,"standard_error":1.424244571815915}}