{"mean":{"confidence_interval":{"confidence_level":0.95,"lower_bound":1058.021790746538,"upper_bound":1061.2823354613408},"point_estimate":1059.4500018596623,"standard_error":0.8321681097164553},"median":{"confidence_interval":{"confidence_level":0.95,"lower_bound":1057.2113680998714,"upper_bound":1059.3626015999487},"point_estimate":1058.5651838911776,"standard_error":0.5334715965676111},"median_abs_dev":{"confidence_interval":{"confidence_level":0.95,"lower_bound":3.3569884964622885,"upper_bound":6.097271511365417},"point_estimate":5.051920415415808,"standard_error":0.7247759642363514},"slope":{"confidence_interval":{"confidence_level":0.95,"lower_bound":1058.4621074862973,"upper_bound":1060.6090270719403},"point_estimate":1059.486422642136,"standard_error":0.5497549091220175},"std_dev":{"confidence_interval":{"confidence_level":0.95,"lower_bound":4.569716491153941,"upper_bound":12.51818208916073},"point_estimate":8.336936042374491,"standard_error":2.452313558313348}}