{"mean":{"confidence_interval":{"confidence_level":0.95,"lower_bound":434.7677230834961,"upper_bound":450.5638122558594},"point_estimate":442.66576766967773,"standard_error":5.572867066836288},"median":{"confidence_interval":{"confidence_level":0.95,"lower_bound":434.7677230834961,"upper_bound":450.5638122558594},"point_estimate":442.66576766967773,"standard_error":5.572867066836288},"median_abs_dev":{"confidence_interval":{"confidence_level":0.95,"lower_bound":0.0,"upper_bound":11.709640695585222},"point_estimate":11.709640695585222,"standard_error":5.85479649613925},"slope":{"confidence_interval":{"confidence_level":0.95,"lower_bound":434.7677230834961,"upper_bound":450.5638122558594},"point_estimate":437.92694091796875,"standard_error":6.057265289962771},"std_dev":{"confidence_interval":{"confidence_level":0.95,"lower_bound":0.0,"upper_bound":11.169521770005476},"point_estimate":11.169521770005476,"standard_error":5.584738133532119}}