{"mean":{"confidence_interval":{"confidence_level":0.95,"lower_bound":671.5757098521773,"upper_bound":674.4252685567286},"point_estimate":672.8997235401584,"standard_error":0.7319420885656667},"median":{"confidence_interval":{"confidence_level":0.95,"lower_bound":670.7344800777454,"upper_bound":672.2334031827017},"point_estimate":671.7241698629807,"standard_error":0.3828273111414751},"median_abs_dev":{"confidence_interval":{"confidence_level":0.95,"lower_bound":2.823247104731526,"upper_bound":4.9760779930275145},"point_estimate":3.9119887822930113,"standard_error":0.5344355314525742},"slope":{"confidence_interval":{"confidence_level":0.95,"lower_bound":671.4033825902933,"upper_bound":673.4205617090728},"point_estimate":672.36874097888,"standard_error":0.5163598092306364},"std_dev":{"confidence_interval":{"confidence_level":0.95,"lower_bound":4.775796332198521,"upper_bound":9.58761381092886},"point_estimate":7.360507393222847,"standard_error":1.228888360917417}}