{"mean":{"confidence_interval":{"confidence_level":0.95,"lower_bound":5.960802972316742,"upper_bound":5.991155743598938},"point_estimate":5.97597935795784,"standard_error":0.01071325615529315},"median":{"confidence_interval":{"confidence_level":0.95,"lower_bound":5.960802972316742,"upper_bound":5.991155743598938},"point_estimate":5.97597935795784,"standard_error":0.01071325615529315},"median_abs_dev":{"confidence_interval":{"confidence_level":0.95,"lower_bound":0.0,"upper_bound":0.022500508952028042},"point_estimate":0.022500508952028042,"standard_error":0.011250249469592003},"slope":{"confidence_interval":{"confidence_level":0.95,"lower_bound":5.960802972316742,"upper_bound":5.991155743598938},"point_estimate":5.966873526573181,"standard_error":0.011698268321816625},"std_dev":{"confidence_interval":{"confidence_level":0.95,"lower_bound":0.0,"upper_bound":0.021462650401445123},"point_estimate":0.021462650401445123,"standard_error":0.0107313204252224}}