{"mean":{"confidence_interval":{"confidence_level":0.95,"lower_bound":81.39677047729492,"upper_bound":83.66756439208984},"point_estimate":82.53216743469238,"standard_error":0.8052795279091355},"median":{"confidence_interval":{"confidence_level":0.95,"lower_bound":81.39677047729492,"upper_bound":83.66756439208984},"point_estimate":82.53216743469238,"standard_error":0.8052795279091355},"median_abs_dev":{"confidence_interval":{"confidence_level":0.95,"lower_bound":0.0,"upper_bound":1.6833394991522255},"point_estimate":1.6833394991522255,"standard_error":0.8416585031656996},"slope":{"confidence_interval":{"confidence_level":0.95,"lower_bound":81.39677047729492,"upper_bound":83.66756439208984},"point_estimate":81.8509292602539,"standard_error":0.8738393712327522},"std_dev":{"confidence_interval":{"confidence_level":0.95,"lower_bound":0.0,"upper_bound":1.6056937758286365},"point_estimate":1.6056937758286365,"standard_error":0.8028361602557647}}