{"mean":{"confidence_interval":{"confidence_level":0.95,"lower_bound":2465.8321533203125,"upper_bound":2470.1747131347656},"point_estimate":2468.003433227539,"standard_error":1.5351274519015619},"median":{"confidence_interval":{"confidence_level":0.95,"lower_bound":2465.8321533203125,"upper_bound":2470.1747131347656},"point_estimate":2468.003433227539,"standard_error":1.5351274519015619},"median_abs_dev":{"confidence_interval":{"confidence_level":0.95,"lower_bound":0.0,"upper_bound":3.2191395333029504},"point_estimate":3.2191395333029504,"standard_error":1.609577760158567},"slope":{"confidence_interval":{"confidence_level":0.95,"lower_bound":2465.8321533203125,"upper_bound":2470.1747131347656},"point_estimate":2469.306201171875,"standard_error":1.6657382877606772},"std_dev":{"confidence_interval":{"confidence_level":0.95,"lower_bound":0.0,"upper_bound":3.0706534925080002},"point_estimate":3.0706534925080002,"standard_error":1.5353343710505511}}