{"mean":{"confidence_interval":{"confidence_level":0.95,"lower_bound":9.718989638921885,"upper_bound":9.776662051376643},"point_estimate":9.744101856181837,"standard_error":0.014838600036447816},"median":{"confidence_interval":{"confidence_level":0.95,"lower_bound":9.730788020499503,"upper_bound":9.735656602329485},"point_estimate":9.73384296819487,"standard_error":0.0013412377558967318},"median_abs_dev":{"confidence_interval":{"confidence_level":0.95,"lower_bound":0.013793883085230456,"upper_bound":0.05025312952744527},"point_estimate":0.026942642285129416,"standard_error":0.010312000666678561},"slope":{"confidence_interval":{"confidence_level":0.95,"lower_bound":9.714983681070242,"upper_bound":9.778543080104356},"point_estimate":9.744514632162296,"standard_error":0.016295545759222367},"std_dev":{"confidence_interval":{"confidence_level":0.95,"lower_bound":0.06899927173833251,"upper_bound":0.22718898264193724},"point_estimate":0.149267932010012,"standard_error":0.04577202118484148}}