{"mean":{"confidence_interval":{"confidence_level":0.95,"lower_bound":307.88781623776885,"upper_bound":309.3551781023017},"point_estimate":308.538585299117,"standard_error":0.3767100569638933},"median":{"confidence_interval":{"confidence_level":0.95,"lower_bound":307.449722629033,"upper_bound":308.0499774933272},"point_estimate":307.76918410562484,"standard_error":0.17328784313253437},"median_abs_dev":{"confidence_interval":{"confidence_level":0.95,"lower_bound":0.896356939110141,"upper_bound":1.550546625990296},"point_estimate":1.175154951223692,"standard_error":0.1710481159070763},"slope":{"confidence_interval":{"confidence_level":0.95,"lower_bound":307.60947942559426,"upper_bound":308.0488381897449},"point_estimate":307.8216260755591,"standard_error":0.1118826631098957},"std_dev":{"confidence_interval":{"confidence_level":0.95,"lower_bound":1.752130956295474,"upper_bound":5.574026917445188},"point_estimate":3.787806613944748,"standard_error":1.0011553631374197}}