{"mean":{"confidence_interval":{"confidence_level":0.95,"lower_bound":424.7811574628725,"upper_bound":426.1203605807113},"point_estimate":425.4131213477717,"standard_error":0.34120418498946886},"median":{"confidence_interval":{"confidence_level":0.95,"lower_bound":424.8748414738646,"upper_bound":425.4589165000476},"point_estimate":425.1364288774636,"standard_error":0.1466828295568569},"median_abs_dev":{"confidence_interval":{"confidence_level":0.95,"lower_bound":1.0856163924659623,"upper_bound":1.9670588785482865},"point_estimate":1.5985421840842455,"standard_error":0.22313217862370494},"slope":{"confidence_interval":{"confidence_level":0.95,"lower_bound":424.75217269023216,"upper_bound":425.6624024623661},"point_estimate":425.2116034680627,"standard_error":0.2310963522347989},"std_dev":{"confidence_interval":{"confidence_level":0.95,"lower_bound":2.3213111599480087,"upper_bound":4.3924775038281565},"point_estimate":3.425007209894248,"standard_error":0.5278208812170433}}