{"mean":{"confidence_interval":{"confidence_level":0.95,"lower_bound":98.11877050906054,"upper_bound":99.07175228267685},"point_estimate":98.48510597258792,"standard_error":0.2558156185916287},"median":{"confidence_interval":{"confidence_level":0.95,"lower_bound":98.12687560160806,"upper_bound":98.57068219137184},"point_estimate":98.50752959986173,"standard_error":0.09172489219262114},"median_abs_dev":{"confidence_interval":{"confidence_level":0.95,"lower_bound":0.4474353879344314,"upper_bound":0.934025257712414},"point_estimate":0.6812492763010164,"standard_error":0.12087388306819587},"slope":{"confidence_interval":{"confidence_level":0.95,"lower_bound":98.07589777291787,"upper_bound":98.69541434506822},"point_estimate":98.34635421026846,"standard_error":0.15862850937033754},"std_dev":{"confidence_interval":{"confidence_level":0.95,"lower_bound":0.667511834038107,"upper_bound":4.265461459224334},"point_estimate":2.567375828052424,"standard_error":1.1945109050597}}