{"mean":{"confidence_interval":{"confidence_level":0.95,"lower_bound":7928.718430305701,"upper_bound":7959.401089516242},"point_estimate":7943.14853448797,"standard_error":7.814791075121829},"median":{"confidence_interval":{"confidence_level":0.95,"lower_bound":7921.8650793650795,"upper_bound":7935.6001221001225},"point_estimate":7928.035081254724,"standard_error":3.6861214407159073},"median_abs_dev":{"confidence_interval":{"confidence_level":0.95,"lower_bound":25.031923952101817,"upper_bound":46.7723896641029},"point_estimate":34.6782366784176,"standard_error":5.615260092129247},"slope":{"confidence_interval":{"confidence_level":0.95,"lower_bound":7923.708610803609,"upper_bound":7942.718221742527},"point_estimate":7932.992651757713,"standard_error":4.840545836660837},"std_dev":{"confidence_interval":{"confidence_level":0.95,"lower_bound":53.574247872273,"upper_bound":99.81897122828168},"point_estimate":78.2781912319356,"standard_error":11.82273466101335}}