{"mean":{"confidence_interval":{"confidence_level":0.95,"lower_bound":47273.6572265625,"upper_bound":49241.455078125},"point_estimate":48257.55615234375,"standard_error":696.5846843944304},"median":{"confidence_interval":{"confidence_level":0.95,"lower_bound":47273.6572265625,"upper_bound":49241.455078125},"point_estimate":48257.55615234375,"standard_error":696.5846843944304},"median_abs_dev":{"confidence_interval":{"confidence_level":0.95,"lower_bound":0.0,"upper_bound":1458.728521465673},"point_estimate":1458.728521465673,"standard_error":729.3656646259246},"slope":{"confidence_interval":{"confidence_level":0.95,"lower_bound":47273.6572265625,"upper_bound":49241.455078125},"point_estimate":47667.216796875,"standard_error":754.2189678968749},"std_dev":{"confidence_interval":{"confidence_level":0.95,"lower_bound":0.0,"upper_bound":1391.4432048441631},"point_estimate":1391.4432048441631,"standard_error":695.7229415591994}}