{"mean":{"confidence_interval":{"confidence_level":0.95,"lower_bound":421.5044267310257,"upper_bound":423.41711325323126},"point_estimate":422.36239446440044,"standard_error":0.4869270424313586},"median":{"confidence_interval":{"confidence_level":0.95,"lower_bound":422.0486201644837,"upper_bound":423.57859275053306},"point_estimate":422.8332395161784,"standard_error":0.3837432370580886},"median_abs_dev":{"confidence_interval":{"confidence_level":0.95,"lower_bound":1.8331967598379293,"upper_bound":3.875975286647163},"point_estimate":2.7299838372125196,"standard_error":0.5267296599090208},"slope":{"confidence_interval":{"confidence_level":0.95,"lower_bound":420.92315825904336,"upper_bound":422.40524707977505},"point_estimate":421.6612903810446,"standard_error":0.37841820402637194},"std_dev":{"confidence_interval":{"confidence_level":0.95,"lower_bound":2.9017969810739386,"upper_bound":7.262315377470249},"point_estimate":4.901751477201761,"standard_error":1.3660609361350662}}