{"mean":{"confidence_interval":{"confidence_level":0.95,"lower_bound":1304.9865458590996,"upper_bound":1310.0215648999833},"point_estimate":1307.2827036540532,"standard_error":1.2922133830612577},"median":{"confidence_interval":{"confidence_level":0.95,"lower_bound":1302.774465652149,"upper_bound":1304.0953632383826},"point_estimate":1303.6217147385353,"standard_error":0.3425050629599305},"median_abs_dev":{"confidence_interval":{"confidence_level":0.95,"lower_bound":2.0310770042754487,"upper_bound":3.7256076307057393},"point_estimate":2.6061733874135213,"standard_error":0.4641059790575654},"slope":{"confidence_interval":{"confidence_level":0.95,"lower_bound":1303.3827369905246,"upper_bound":1309.07384165187},"point_estimate":1305.8199353422096,"standard_error":1.474614742213792},"std_dev":{"confidence_interval":{"confidence_level":0.95,"lower_bound":7.038037325412976,"upper_bound":17.887095182234564},"point_estimate":12.962119932740867,"standard_error":2.781865331872068}}