{"mean":{"confidence_interval":{"confidence_level":0.95,"lower_bound":344.9775695800781,"upper_bound":355.9070587158203},"point_estimate":350.4423141479492,"standard_error":3.867537431181844},"median":{"confidence_interval":{"confidence_level":0.95,"lower_bound":344.9775695800781,"upper_bound":355.9070587158203},"point_estimate":350.4423141479492,"standard_error":3.867537431181844},"median_abs_dev":{"confidence_interval":{"confidence_level":0.95,"lower_bound":0.0,"upper_bound":8.102030152485895},"point_estimate":8.102030152485895,"standard_error":4.051029199009354},"slope":{"confidence_interval":{"confidence_level":0.95,"lower_bound":344.9775695800781,"upper_bound":355.9070587158203},"point_estimate":353.7211608886719,"standard_error":4.207042418121035},"std_dev":{"confidence_interval":{"confidence_level":0.95,"lower_bound":0.0,"upper_bound":7.728315882787999},"point_estimate":7.728315882787999,"standard_error":3.8641714127331124}}