{"mean":{"confidence_interval":{"confidence_level":0.95,"lower_bound":1448.2835762206005,"upper_bound":1453.539004502453},"point_estimate":1450.8786565589246,"standard_error":1.3368276899943452},"median":{"confidence_interval":{"confidence_level":0.95,"lower_bound":1448.5723564777045,"upper_bound":1453.813798425683},"point_estimate":1450.9127647889745,"standard_error":1.3227743337996132},"median_abs_dev":{"confidence_interval":{"confidence_level":0.95,"lower_bound":6.504677636447127,"upper_bound":10.344707063313258},"point_estimate":8.029404109649013,"standard_error":0.9939145780505234},"slope":{"confidence_interval":{"confidence_level":0.95,"lower_bound":1450.837285332585,"upper_bound":1454.380025431446},"point_estimate":1452.5736455465478,"standard_error":0.9044891669697341},"std_dev":{"confidence_interval":{"confidence_level":0.95,"lower_bound":10.150194493693455,"upper_bound":16.67732096861017},"point_estimate":13.395416623268133,"standard_error":1.6836351917562962}}