{"mean":{"confidence_interval":{"confidence_level":0.95,"lower_bound":426.54222617815003,"upper_bound":428.1842188815966},"point_estimate":427.30324255399233,"standard_error":0.4191879898602887},"median":{"confidence_interval":{"confidence_level":0.95,"lower_bound":426.1775879909044,"upper_bound":427.4031852171412},"point_estimate":426.6902351379017,"standard_error":0.2771583299982351},"median_abs_dev":{"confidence_interval":{"confidence_level":0.95,"lower_bound":1.8140693551635538,"upper_bound":2.877515327553814},"point_estimate":2.21567461241322,"standard_error":0.2704717008592267},"slope":{"confidence_interval":{"confidence_level":0.95,"lower_bound":426.17443597197973,"upper_bound":427.10344426874383},"point_estimate":426.63833825856153,"standard_error":0.23619498281035908},"std_dev":{"confidence_interval":{"confidence_level":0.95,"lower_bound":2.551210743659421,"upper_bound":5.692096335652625},"point_estimate":4.21470870356862,"standard_error":0.8094013627516636}}