{"mean":{"confidence_interval":{"confidence_level":0.95,"lower_bound":506.27796202835935,"upper_bound":508.4071335032314},"point_estimate":507.2693787972024,"standard_error":0.5447934899830054},"median":{"confidence_interval":{"confidence_level":0.95,"lower_bound":505.4656870086632,"upper_bound":506.9899776173869},"point_estimate":506.0673639254913,"standard_error":0.42214437088574724},"median_abs_dev":{"confidence_interval":{"confidence_level":0.95,"lower_bound":2.1534507905491105,"upper_bound":3.4108652569837394},"point_estimate":2.6428754071086744,"standard_error":0.312663715588037},"slope":{"confidence_interval":{"confidence_level":0.95,"lower_bound":505.9092892600509,"upper_bound":507.40252848556156},"point_estimate":506.58538532300565,"standard_error":0.3808677652719975},"std_dev":{"confidence_interval":{"confidence_level":0.95,"lower_bound":3.513489465022181,"upper_bound":7.262826389194514},"point_estimate":5.499723276495812,"standard_error":0.9634051715394317}}