{"mean":{"confidence_interval":{"confidence_level":0.95,"lower_bound":98150.37413313327,"upper_bound":98463.49533719973},"point_estimate":98296.54480472801,"standard_error":80.1741549124968},"median":{"confidence_interval":{"confidence_level":0.95,"lower_bound":98031.4356984479,"upper_bound":98218.93494729907},"point_estimate":98100.45543672013,"standard_error":53.38893132899047},"median_abs_dev":{"confidence_interval":{"confidence_level":0.95,"lower_bound":297.995339075093,"upper_bound":649.6162130588664},"point_estimate":459.23047783665385,"standard_error":85.99436809526537},"slope":{"confidence_interval":{"confidence_level":0.95,"lower_bound":98088.50087423522,"upper_bound":98510.90425265949},"point_estimate":98286.06089982133,"standard_error":107.94609158599928},"std_dev":{"confidence_interval":{"confidence_level":0.95,"lower_bound":538.8675614553392,"upper_bound":1056.15552999684},"point_estimate":804.1360435399044,"standard_error":133.7539561787843}}