{"mean":{"confidence_interval":{"confidence_level":0.95,"lower_bound":467.06060791015625,"upper_bound":468.0897216796875},"point_estimate":467.5751647949219,"standard_error":0.3639532797467912},"median":{"confidence_interval":{"confidence_level":0.95,"lower_bound":467.06060791015625,"upper_bound":468.0897216796875},"point_estimate":467.5751647949219,"standard_error":0.3639532797467912},"median_abs_dev":{"confidence_interval":{"confidence_level":0.95,"lower_bound":0.0,"upper_bound":0.7628820238096523},"point_estimate":0.7628820238096523,"standard_error":0.3814428549655074},"slope":{"confidence_interval":{"confidence_level":0.95,"lower_bound":467.06060791015625,"upper_bound":468.0897216796875},"point_estimate":467.88389892578124,"standard_error":0.3964582786364851},"std_dev":{"confidence_interval":{"confidence_level":0.95,"lower_bound":0.0,"upper_bound":0.7276933250479967},"point_estimate":0.7276933250479967,"standard_error":0.3638484205716284}}