{"mean":{"confidence_interval":{"confidence_level":0.95,"lower_bound":49250.537109375,"upper_bound":50432.421875},"point_estimate":49841.4794921875,"standard_error":417.66771741844786},"median":{"confidence_interval":{"confidence_level":0.95,"lower_bound":49250.537109375,"upper_bound":50432.421875},"point_estimate":49841.4794921875,"standard_error":417.66771741844786},"median_abs_dev":{"confidence_interval":{"confidence_level":0.95,"lower_bound":0.0,"upper_bound":876.1311612033751},"point_estimate":876.1311612033751,"standard_error":438.06758555579984},"slope":{"confidence_interval":{"confidence_level":0.95,"lower_bound":49250.537109375,"upper_bound":50432.421875},"point_estimate":49486.9140625,"standard_error":453.5165332712384},"std_dev":{"confidence_interval":{"confidence_level":0.95,"lower_bound":0.0,"upper_bound":835.7187323545108},"point_estimate":835.7187323545108,"standard_error":417.8612786506276}}