{"mean":{"confidence_interval":{"confidence_level":0.95,"lower_bound":1097.5857238769531,"upper_bound":1102.1696166992188},"point_estimate":1099.877670288086,"standard_error":1.617803968731346},"median":{"confidence_interval":{"confidence_level":0.95,"lower_bound":1097.5857238769531,"upper_bound":1102.1696166992188},"point_estimate":1099.877670288086,"standard_error":1.617803968731346},"median_abs_dev":{"confidence_interval":{"confidence_level":0.95,"lower_bound":0.0,"upper_bound":3.398039688818244},"point_estimate":3.398039688818244,"standard_error":1.6990178137197889},"slope":{"confidence_interval":{"confidence_level":0.95,"lower_bound":1097.5857238769531,"upper_bound":1102.1696166992188},"point_estimate":1098.5025024414062,"standard_error":1.7587905691383066},"std_dev":{"confidence_interval":{"confidence_level":0.95,"lower_bound":0.0,"upper_bound":3.241301698856365},"point_estimate":3.241301698856365,"standard_error":1.6206489124055126}}