{"mean":{"confidence_interval":{"confidence_level":0.95,"lower_bound":1193.102138522418,"upper_bound":1196.7668303144221},"point_estimate":1194.7975877086612,"standard_error":0.9331221017617652},"median":{"confidence_interval":{"confidence_level":0.95,"lower_bound":1192.1176918392205,"upper_bound":1195.3631749898498},"point_estimate":1193.5292326431181,"standard_error":0.8579738366344412},"median_abs_dev":{"confidence_interval":{"confidence_level":0.95,"lower_bound":5.83494787147205,"upper_bound":8.671543358265355},"point_estimate":7.440902138535299,"standard_error":0.73904718729578},"slope":{"confidence_interval":{"confidence_level":0.95,"lower_bound":1190.5271689655751,"upper_bound":1193.3676393145372},"point_estimate":1191.9279971135986,"standard_error":0.7274086255289494},"std_dev":{"confidence_interval":{"confidence_level":0.95,"lower_bound":6.065386651110587,"upper_bound":13.068390116200634},"point_estimate":9.334947926221973,"standard_error":2.0122852150625024}}