{"mean":{"confidence_interval":{"confidence_level":0.95,"lower_bound":3908.4187896309336,"upper_bound":3932.973202195401},"point_estimate":3919.8007829599496,"standard_error":6.267745717946655},"median":{"confidence_interval":{"confidence_level":0.95,"lower_bound":3905.417986602769,"upper_bound":3914.677979192222},"point_estimate":3909.258957769919,"standard_error":2.349484262637133},"median_abs_dev":{"confidence_interval":{"confidence_level":0.95,"lower_bound":17.972291717664103,"upper_bound":36.03068493113051},"point_estimate":26.60627342089707,"standard_error":4.802795574470928},"slope":{"confidence_interval":{"confidence_level":0.95,"lower_bound":3909.5419269959925,"upper_bound":3921.0842763372},"point_estimate":3915.274098551971,"standard_error":2.935495043471259},"std_dev":{"confidence_interval":{"confidence_level":0.95,"lower_bound":39.63245288197712,"upper_bound":85.34232553150166},"point_estimate":63.32615826447101,"standard_error":11.853149397147059}}