{"mean":{"confidence_interval":{"confidence_level":0.95,"lower_bound":2.0854408740997314,"upper_bound":2.108834207057953},"point_estimate":2.097137540578842,"standard_error":0.008280094399802002},"median":{"confidence_interval":{"confidence_level":0.95,"lower_bound":2.0854408740997314,"upper_bound":2.108834207057953},"point_estimate":2.097137540578842,"standard_error":0.008280094399802002},"median_abs_dev":{"confidence_interval":{"confidence_level":0.95,"lower_bound":0.0,"upper_bound":0.017341477414056783},"point_estimate":0.017341477414056783,"standard_error":0.008670759917570792},"slope":{"confidence_interval":{"confidence_level":0.95,"lower_bound":2.0854408740997314,"upper_bound":2.108834207057953},"point_estimate":2.0901195406913757,"standard_error":0.008964151409547394},"std_dev":{"confidence_interval":{"confidence_level":0.95,"lower_bound":0.0,"upper_bound":0.016541584369313134},"point_estimate":0.016541584369313134,"standard_error":0.008270812416841114}}