{"mean":{"confidence_interval":{"confidence_level":0.95,"lower_bound":21067.285289489024,"upper_bound":23954.672897262273},"point_estimate":22547.71220584279,"standard_error":738.4077793649211},"median":{"confidence_interval":{"confidence_level":0.95,"lower_bound":24086.62491371376,"upper_bound":25500.045666839647},"point_estimate":24790.553699239175,"standard_error":395.70197987400786},"median_abs_dev":{"confidence_interval":{"confidence_level":0.95,"lower_bound":1863.65049151273,"upper_bound":4321.012024255407},"point_estimate":2485.1297326967197,"standard_error":614.9051696782028},"slope":{"confidence_interval":{"confidence_level":0.95,"lower_bound":24433.957466334643,"upper_bound":25173.775402617324},"point_estimate":24791.344470835873,"standard_error":188.7565595827501},"std_dev":{"confidence_interval":{"confidence_level":0.95,"lower_bound":6173.444087631559,"upper_bound":8310.644706663516},"point_estimate":7402.537244892557,"standard_error":548.0751454539685}}