{"mean":{"confidence_interval":{"confidence_level":0.95,"lower_bound":3703.604112478528,"upper_bound":3722.843488441455},"point_estimate":3712.383360951877,"standard_error":4.927699021162165},"median":{"confidence_interval":{"confidence_level":0.95,"lower_bound":3694.825054415423,"upper_bound":3702.086487483444},"point_estimate":3698.182182250971,"standard_error":1.8801553727014209},"median_abs_dev":{"confidence_interval":{"confidence_level":0.95,"lower_bound":9.534372261462925,"upper_bound":16.28639477333681},"point_estimate":12.79276278923508,"standard_error":1.7038212208843984},"slope":{"confidence_interval":{"confidence_level":0.95,"lower_bound":3702.551339708543,"upper_bound":3717.334009747543},"point_estimate":3709.1703992267126,"standard_error":3.8141512229482877},"std_dev":{"confidence_interval":{"confidence_level":0.95,"lower_bound":28.627801794669455,"upper_bound":68.34296041880191},"point_estimate":49.708751153599465,"standard_error":10.250941874538821}}