{"mean":{"confidence_interval":{"confidence_level":0.95,"lower_bound":1693.81103515625,"upper_bound":1755.206298828125},"point_estimate":1724.5086669921875,"standard_error":21.720355564016362},"median":{"confidence_interval":{"confidence_level":0.95,"lower_bound":1693.81103515625,"upper_bound":1755.206298828125},"point_estimate":1724.5086669921875,"standard_error":21.720355564016362},"median_abs_dev":{"confidence_interval":{"confidence_level":0.95,"lower_bound":0.0,"upper_bound":45.51230815195595},"point_estimate":45.51230815195595,"standard_error":22.75624921563934},"slope":{"confidence_interval":{"confidence_level":0.95,"lower_bound":1693.81103515625,"upper_bound":1755.206298828125},"point_estimate":1706.090087890625,"standard_error":23.525846011672975},"std_dev":{"confidence_interval":{"confidence_level":0.95,"lower_bound":0.0,"upper_bound":43.41300727511891},"point_estimate":43.41300727511891,"standard_error":21.706594388819074}}