{"mean":{"confidence_interval":{"confidence_level":0.95,"lower_bound":3809.877074616471,"upper_bound":3831.9727773749323},"point_estimate":3819.8878405805294,"standard_error":5.6558735765782515},"median":{"confidence_interval":{"confidence_level":0.95,"lower_bound":3798.786454789257,"upper_bound":3811.914239353264},"point_estimate":3804.9889023876094,"standard_error":3.5952426447138577},"median_abs_dev":{"confidence_interval":{"confidence_level":0.95,"lower_bound":16.21652265435936,"upper_bound":27.884582568012863},"point_estimate":21.423583450462072,"standard_error":3.0601971657129527},"slope":{"confidence_interval":{"confidence_level":0.95,"lower_bound":3801.48281886407,"upper_bound":3817.236516950153},"point_estimate":3808.5024213692045,"standard_error":4.0542938449761525},"std_dev":{"confidence_interval":{"confidence_level":0.95,"lower_bound":33.52306373884486,"upper_bound":80.14558101745004},"point_estimate":56.66223370006728,"standard_error":12.630399370018893}}