{"mean":{"confidence_interval":{"confidence_level":0.95,"lower_bound":400.390724191416,"upper_bound":401.68403226262234},"point_estimate":401.037569158596,"standard_error":0.3292558340379414},"median":{"confidence_interval":{"confidence_level":0.95,"lower_bound":400.7648494711147,"upper_bound":402.5000416351429},"point_estimate":402.29828640339286,"standard_error":0.40548037572350076},"median_abs_dev":{"confidence_interval":{"confidence_level":0.95,"lower_bound":1.5102083998907234,"upper_bound":3.9775359563832575},"point_estimate":2.6176197791609153,"standard_error":0.6324859699938598},"slope":{"confidence_interval":{"confidence_level":0.95,"lower_bound":400.3617450132509,"upper_bound":401.6959727292474},"point_estimate":401.02872324807015,"standard_error":0.34135015947278463},"std_dev":{"confidence_interval":{"confidence_level":0.95,"lower_bound":2.8407432028763404,"upper_bound":3.740826840439685},"point_estimate":3.302090269843773,"standard_error":0.23004243463658355}}