{"mean":{"confidence_interval":{"confidence_level":0.95,"lower_bound":5366420.4137,"upper_bound":5382480.010900001},"point_estimate":5373467.883000003,"standard_error":4123.391898640288},"median":{"confidence_interval":{"confidence_level":0.95,"lower_bound":5361314.65,"upper_bound":5366722.5},"point_estimate":5363983.95,"standard_error":1415.0446899497126},"median_abs_dev":{"confidence_interval":{"confidence_level":0.95,"lower_bound":10065.964261293273,"upper_bound":19394.081140437014},"point_estimate":13356.446642876086,"standard_error":2468.427348006018},"slope":null,"std_dev":{"confidence_interval":{"confidence_level":0.95,"lower_bound":18156.19617687725,"upper_bound":61695.6567837805},"point_estimate":41516.82367131378,"standard_error":11574.377998064836}}