{"mean":{"confidence_interval":{"confidence_level":0.95,"lower_bound":22124.20458984375,"upper_bound":22759.1748046875},"point_estimate":22441.689697265625,"standard_error":225.05753612078408},"median":{"confidence_interval":{"confidence_level":0.95,"lower_bound":22124.20458984375,"upper_bound":22759.1748046875},"point_estimate":22441.689697265625,"standard_error":225.05753612078408},"median_abs_dev":{"confidence_interval":{"confidence_level":0.95,"lower_bound":0.0,"upper_bound":470.70341190701583},"point_estimate":470.70341190701583,"standard_error":235.34994079162797},"slope":{"confidence_interval":{"confidence_level":0.95,"lower_bound":22124.20458984375,"upper_bound":22759.1748046875},"point_estimate":22251.1986328125,"standard_error":243.84379291280575},"std_dev":{"confidence_interval":{"confidence_level":0.95,"lower_bound":0.0,"upper_bound":448.9917447674946},"point_estimate":448.9917447674946,"standard_error":224.49418864152878}}