{"mean":{"confidence_interval":{"confidence_level":0.95,"lower_bound":809.3686338617009,"upper_bound":811.2016352406665},"point_estimate":810.1676562047195,"standard_error":0.4717639099881425},"median":{"confidence_interval":{"confidence_level":0.95,"lower_bound":808.8652946190915,"upper_bound":809.6073044426274},"point_estimate":809.2879306874646,"standard_error":0.20324648211535645},"median_abs_dev":{"confidence_interval":{"confidence_level":0.95,"lower_bound":0.9364087885265311,"upper_bound":1.5313845244973},"point_estimate":1.1667720523265706,"standard_error":0.1485822386805582},"slope":{"confidence_interval":{"confidence_level":0.95,"lower_bound":809.2057381461487,"upper_bound":811.044981641171},"point_estimate":809.9910969266585,"standard_error":0.4790658640324501},"std_dev":{"confidence_interval":{"confidence_level":0.95,"lower_bound":1.9220180645135347,"upper_bound":7.219555383677228},"point_estimate":4.728258649163478,"standard_error":1.4176752779855617}}