{"mean":{"confidence_interval":{"confidence_level":0.95,"lower_bound":8116.709671723688,"upper_bound":8147.257790815674},"point_estimate":8131.382134131029,"standard_error":7.780778264941587},"median":{"confidence_interval":{"confidence_level":0.95,"lower_bound":8108.064416586307,"upper_bound":8132.896965213915},"point_estimate":8123.067022585639,"standard_error":6.0231282843745255},"median_abs_dev":{"confidence_interval":{"confidence_level":0.95,"lower_bound":40.874559398577624,"upper_bound":63.36583118132077},"point_estimate":52.83702459474215,"standard_error":5.988363793256136},"slope":{"confidence_interval":{"confidence_level":0.95,"lower_bound":8103.9816667533305,"upper_bound":8130.235820651446},"point_estimate":8116.04224372376,"standard_error":6.7174153021509495},"std_dev":{"confidence_interval":{"confidence_level":0.95,"lower_bound":57.09629452379631,"upper_bound":96.91857792212144},"point_estimate":78.15018623944258,"standard_error":10.200154051963954}}