{"mean":{"confidence_interval":{"confidence_level":0.95,"lower_bound":14549939.4425,"upper_bound":14630429.7020625},"point_estimate":14583528.51,"standard_error":20974.860208905913},"median":{"confidence_interval":{"confidence_level":0.95,"lower_bound":14525859.0,"upper_bound":14547702.75},"point_estimate":14541042.125,"standard_error":5317.202669990322},"median_abs_dev":{"confidence_interval":{"confidence_level":0.95,"lower_bound":31641.463313251734,"upper_bound":57220.94598412514},"point_estimate":46625.35994723439,"standard_error":6812.786324889742},"slope":null,"std_dev":{"confidence_interval":{"confidence_level":0.95,"lower_bound":69951.47255363721,"upper_bound":334569.89752136025},"point_estimate":211322.30919252406,"standard_error":76891.31297515666}}