{"mean":{"confidence_interval":{"confidence_level":0.95,"lower_bound":1762285.6875,"upper_bound":1771312.0625},"point_estimate":1766798.875,"standard_error":3194.1517752859404},"median":{"confidence_interval":{"confidence_level":0.95,"lower_bound":1762285.6875,"upper_bound":1771312.0625},"point_estimate":1766798.875,"standard_error":3194.1517752859404},"median_abs_dev":{"confidence_interval":{"confidence_level":0.95,"lower_bound":0.0,"upper_bound":6691.251668706536},"point_estimate":6691.251668706536,"standard_error":3345.6372624361807},"slope":{"confidence_interval":{"confidence_level":0.95,"lower_bound":1762285.6875,"upper_bound":1771312.0625},"point_estimate":1769506.7875,"standard_error":3458.7589627082107},"std_dev":{"confidence_interval":{"confidence_level":0.95,"lower_bound":0.0,"upper_bound":6382.610972032723},"point_estimate":6382.610972032723,"standard_error":3191.3163869693035}}