{"mean":{"confidence_interval":{"confidence_level":0.95,"lower_bound":2865.126829872752,"upper_bound":2876.215590359839},"point_estimate":2870.2327530506946,"standard_error":2.8323141298908383},"median":{"confidence_interval":{"confidence_level":0.95,"lower_bound":2860.675720236029,"upper_bound":2869.6608527131784},"point_estimate":2867.0791116577693,"standard_error":2.2976109430730602},"median_abs_dev":{"confidence_interval":{"confidence_level":0.95,"lower_bound":11.800791512724626,"upper_bound":20.026555352702665},"point_estimate":17.050112130084813,"standard_error":2.1352596538584456},"slope":{"confidence_interval":{"confidence_level":0.95,"lower_bound":2862.1225977568474,"upper_bound":2873.6251408672592},"point_estimate":2867.457354371935,"standard_error":2.9419921864787963},"std_dev":{"confidence_interval":{"confidence_level":0.95,"lower_bound":16.524737027639215,"upper_bound":38.775588983267276},"point_estimate":28.351106440121416,"standard_error":5.748190189656905}}