{"mean":{"confidence_interval":{"confidence_level":0.95,"lower_bound":1153.0012524405904,"upper_bound":1155.633506672397},"point_estimate":1154.2388488517038,"standard_error":0.6720836527505797},"median":{"confidence_interval":{"confidence_level":0.95,"lower_bound":1151.7470977379428,"upper_bound":1154.632056311446},"point_estimate":1153.4030980031732,"standard_error":0.8211003069752374},"median_abs_dev":{"confidence_interval":{"confidence_level":0.95,"lower_bound":3.8107186154449972,"upper_bound":6.383297436556457},"point_estimate":5.156691043669436,"standard_error":0.6870400347626008},"slope":{"confidence_interval":{"confidence_level":0.95,"lower_bound":1152.7791868953734,"upper_bound":1154.85533451107},"point_estimate":1153.7774193493556,"standard_error":0.5293378201931928},"std_dev":{"confidence_interval":{"confidence_level":0.95,"lower_bound":4.742029805747066,"upper_bound":9.083161116170697},"point_estimate":6.741777335825244,"standard_error":1.219631774805323}}