{"mean":{"confidence_interval":{"confidence_level":0.95,"lower_bound":92311.466796875,"upper_bound":92563.220703125},"point_estimate":92437.34375,"standard_error":88.44448102862889},"median":{"confidence_interval":{"confidence_level":0.95,"lower_bound":92311.466796875,"upper_bound":92563.220703125},"point_estimate":92437.34375,"standard_error":88.44448102862889},"median_abs_dev":{"confidence_interval":{"confidence_level":0.95,"lower_bound":0.0,"upper_bound":186.62516738986596},"point_estimate":186.62516738986596,"standard_error":93.30559566919392},"slope":{"confidence_interval":{"confidence_level":0.95,"lower_bound":92311.466796875,"upper_bound":92563.220703125},"point_estimate":92361.817578125,"standard_error":96.66700849317334},"std_dev":{"confidence_interval":{"confidence_level":0.95,"lower_bound":0.0,"upper_bound":178.01689429957736},"point_estimate":178.01689429957736,"standard_error":89.00178145370253}}