{"mean":{"confidence_interval":{"confidence_level":0.95,"lower_bound":139849.56966214295,"upper_bound":140515.54889749145},"point_estimate":140113.40964303468,"standard_error":174.8158952895497},"median":{"confidence_interval":{"confidence_level":0.95,"lower_bound":139739.6159090909,"upper_bound":139881.72727272726},"point_estimate":139803.0191408533,"standard_error":32.74808210783349},"median_abs_dev":{"confidence_interval":{"confidence_level":0.95,"lower_bound":232.9503529156028,"upper_bound":418.09894317685644},"point_estimate":307.9912459754688,"standard_error":46.822176659414154},"slope":{"confidence_interval":{"confidence_level":0.95,"lower_bound":139810.37043488305,"upper_bound":139984.42139355076},"point_estimate":139892.09849785725,"standard_error":44.27341950351933},"std_dev":{"confidence_interval":{"confidence_level":0.95,"lower_bound":453.1067861012403,"upper_bound":2856.9079415237347},"point_estimate":1750.3744620292616,"standard_error":735.1680505799673}}