{"mean":{"confidence_interval":{"confidence_level":0.95,"lower_bound":539.0275041312151,"upper_bound":542.1329524101009},"point_estimate":540.4024481166813,"standard_error":0.7963869354021275},"median":{"confidence_interval":{"confidence_level":0.95,"lower_bound":538.1884701060883,"upper_bound":539.0427684408867},"point_estimate":538.4111237483827,"standard_error":0.22894200274430632},"median_abs_dev":{"confidence_interval":{"confidence_level":0.95,"lower_bound":1.5831489869689965,"upper_bound":2.573211636274378},"point_estimate":2.1514876796276825,"standard_error":0.2392805805933935},"slope":{"confidence_interval":{"confidence_level":0.95,"lower_bound":538.3236293943982,"upper_bound":539.2556255406735},"point_estimate":538.7668955723699,"standard_error":0.2374880171037706},"std_dev":{"confidence_interval":{"confidence_level":0.95,"lower_bound":3.349020144547646,"upper_bound":11.571905474756523},"point_estimate":8.001534952888818,"standard_error":2.0902512291871305}}