{"mean":{"confidence_interval":{"confidence_level":0.95,"lower_bound":2862.3268128917657,"upper_bound":2876.5905720555993},"point_estimate":2868.92980495553,"standard_error":3.641935218629651},"median":{"confidence_interval":{"confidence_level":0.95,"lower_bound":2857.1984719669117,"upper_bound":2867.8558093692022},"point_estimate":2862.911963383838,"standard_error":2.3251067440072624},"median_abs_dev":{"confidence_interval":{"confidence_level":0.95,"lower_bound":15.247858361299564,"upper_bound":27.155542720892626},"point_estimate":21.508638606781634,"standard_error":3.02123450712686},"slope":{"confidence_interval":{"confidence_level":0.95,"lower_bound":2855.778318428905,"upper_bound":2864.072873806418},"point_estimate":2859.820783934737,"standard_error":2.1183901239347254},"std_dev":{"confidence_interval":{"confidence_level":0.95,"lower_bound":22.62403394515074,"upper_bound":49.31381544642599},"point_estimate":36.543242768973116,"standard_error":6.8810844892633884}}