{"mean":{"confidence_interval":{"confidence_level":0.95,"lower_bound":15.03458023071289,"upper_bound":15.37008285522461},"point_estimate":15.20233154296875,"standard_error":0.11854747006832483},"median":{"confidence_interval":{"confidence_level":0.95,"lower_bound":15.03458023071289,"upper_bound":15.37008285522461},"point_estimate":15.20233154296875,"standard_error":0.11854747006832483},"median_abs_dev":{"confidence_interval":{"confidence_level":0.95,"lower_bound":0.0,"upper_bound":0.24870809113508585},"point_estimate":0.24870809113508585,"standard_error":0.12435458076675412},"slope":{"confidence_interval":{"confidence_level":0.95,"lower_bound":15.03458023071289,"upper_bound":15.37008285522461},"point_estimate":15.302982330322266,"standard_error":0.12900087866715804},"std_dev":{"confidence_interval":{"confidence_level":0.95,"lower_bound":0.0,"upper_bound":0.23723618089812032},"point_estimate":0.23723618089812032,"standard_error":0.1186186009616107}}