{"mean":{"confidence_interval":{"confidence_level":0.95,"lower_bound":100.86761237346167,"upper_bound":101.23171834805578},"point_estimate":101.03382596791919,"standard_error":0.09394907268789374},"median":{"confidence_interval":{"confidence_level":0.95,"lower_bound":100.7122884444934,"upper_bound":100.78696665984864},"point_estimate":100.73434363627243,"standard_error":0.01748981265815747},"median_abs_dev":{"confidence_interval":{"confidence_level":0.95,"lower_bound":0.1013726845799861,"upper_bound":0.22441603441306288},"point_estimate":0.14282380278458162,"standard_error":0.02996447622219074},"slope":{"confidence_interval":{"confidence_level":0.95,"lower_bound":100.76783926502527,"upper_bound":101.06097691517864},"point_estimate":100.8957951633399,"standard_error":0.0755580478920027},"std_dev":{"confidence_interval":{"confidence_level":0.95,"lower_bound":0.5065692248773584,"upper_bound":1.2819386549295373},"point_estimate":0.9418352805539413,"standard_error":0.19620379553458928}}