{"mean":{"confidence_interval":{"confidence_level":0.95,"lower_bound":394856.25,"upper_bound":396062.5},"point_estimate":395459.375,"standard_error":426.8895041415823},"median":{"confidence_interval":{"confidence_level":0.95,"lower_bound":394856.25,"upper_bound":396062.5},"point_estimate":395459.375,"standard_error":426.8895041415823},"median_abs_dev":{"confidence_interval":{"confidence_level":0.95,"lower_bound":0.0,"upper_bound":894.1931091248989},"point_estimate":894.1931091248989,"standard_error":447.09793127398325},"slope":{"confidence_interval":{"confidence_level":0.95,"lower_bound":394856.25,"upper_bound":396062.5},"point_estimate":395821.25,"standard_error":463.13746711786735},"std_dev":{"confidence_interval":{"confidence_level":0.95,"lower_bound":0.0,"upper_bound":852.9475548062729},"point_estimate":852.9475548062729,"standard_error":426.4750906121857}}