{"mean":{"confidence_interval":{"confidence_level":0.95,"lower_bound":1359.0195536697254,"upper_bound":1364.1040357212398},"point_estimate":1361.183081855223,"standard_error":1.317396230967186},"median":{"confidence_interval":{"confidence_level":0.95,"lower_bound":1357.9895243478963,"upper_bound":1359.6708716475096},"point_estimate":1358.7023234966957,"standard_error":0.4304415465343651},"median_abs_dev":{"confidence_interval":{"confidence_level":0.95,"lower_bound":2.800624842886966,"upper_bound":4.973680655468388},"point_estimate":3.6164086246611915,"standard_error":0.5453898114496372},"slope":{"confidence_interval":{"confidence_level":0.95,"lower_bound":1359.6023060874097,"upper_bound":1365.2042265376504},"point_estimate":1362.003855216237,"standard_error":1.4584656631996817},"std_dev":{"confidence_interval":{"confidence_level":0.95,"lower_bound":4.745432521711607,"upper_bound":20.71538269062152},"point_estimate":13.233905758924546,"standard_error":4.529777559176717}}