{"mean":{"confidence_interval":{"confidence_level":0.95,"lower_bound":1350.1742725878032,"upper_bound":1353.2899642976706},"point_estimate":1351.6162266913022,"standard_error":0.7981436232002665},"median":{"confidence_interval":{"confidence_level":0.95,"lower_bound":1349.9085968833235,"upper_bound":1351.081115070216},"point_estimate":1350.6527744953569,"standard_error":0.2890289616229895},"median_abs_dev":{"confidence_interval":{"confidence_level":0.95,"lower_bound":2.5447445022328057,"upper_bound":5.106450129413616},"point_estimate":3.746179522939056,"standard_error":0.6663100251456391},"slope":{"confidence_interval":{"confidence_level":0.95,"lower_bound":1349.1315150633704,"upper_bound":1351.0473213921935},"point_estimate":1350.1309395491585,"standard_error":0.4880055777481335},"std_dev":{"confidence_interval":{"confidence_level":0.95,"lower_bound":4.999777991667838,"upper_bound":11.213978741892841},"point_estimate":8.013934672602158,"standard_error":1.6959760246167197}}