{"mean":{"confidence_interval":{"confidence_level":0.95,"lower_bound":1636.6121366116072,"upper_bound":1645.1919202633774},"point_estimate":1640.5375218184897,"standard_error":2.194448972147047},"median":{"confidence_interval":{"confidence_level":0.95,"lower_bound":1633.3930172875716,"upper_bound":1638.716991826809},"point_estimate":1636.683357407983,"standard_error":1.6621737639231362},"median_abs_dev":{"confidence_interval":{"confidence_level":0.95,"lower_bound":8.103576640180178,"upper_bound":13.308488290731624},"point_estimate":10.528008000519343,"standard_error":1.2542012607375619},"slope":{"confidence_interval":{"confidence_level":0.95,"lower_bound":1632.7473074279856,"upper_bound":1640.2388998189215},"point_estimate":1636.0760282293907,"standard_error":1.922819251979293},"std_dev":{"confidence_interval":{"confidence_level":0.95,"lower_bound":12.667736553065604,"upper_bound":29.872452809004724},"point_estimate":22.048165758058868,"standard_error":4.374404836647286}}