{"mean":{"confidence_interval":{"confidence_level":0.95,"lower_bound":62.256622314453125,"upper_bound":62.346458435058594},"point_estimate":62.30154037475586,"standard_error":0.03175019338799174},"median":{"confidence_interval":{"confidence_level":0.95,"lower_bound":62.256622314453125,"upper_bound":62.346458435058594},"point_estimate":62.30154037475586,"standard_error":0.03175019338799174},"median_abs_dev":{"confidence_interval":{"confidence_level":0.95,"lower_bound":0.0,"upper_bound":0.06659551502252725},"point_estimate":0.06659551502252725,"standard_error":0.033297914884305724},"slope":{"confidence_interval":{"confidence_level":0.95,"lower_bound":62.256622314453125,"upper_bound":62.346458435058594},"point_estimate":62.3284912109375,"standard_error":0.034434079758608446},"std_dev":{"confidence_interval":{"confidence_level":0.95,"lower_bound":0.0,"upper_bound":0.06352373007561948},"point_estimate":0.06352373007561948,"standard_error":0.03176201515187797}}