{"mean":{"confidence_interval":{"confidence_level":0.95,"lower_bound":9.264947240819858,"upper_bound":9.29535944346789},"point_estimate":9.279483206552305,"standard_error":0.007740266653073576},"median":{"confidence_interval":{"confidence_level":0.95,"lower_bound":9.287761650699451,"upper_bound":9.300039584776528},"point_estimate":9.29353580208042,"standard_error":0.003366144390020895},"median_abs_dev":{"confidence_interval":{"confidence_level":0.95,"lower_bound":0.025269002022720324,"upper_bound":0.0878500623407061},"point_estimate":0.04415457683430493,"standard_error":0.014912895509682455},"slope":{"confidence_interval":{"confidence_level":0.95,"lower_bound":9.266089582918097,"upper_bound":9.30136584439078},"point_estimate":9.283091606606751,"standard_error":0.008967615324726128},"std_dev":{"confidence_interval":{"confidence_level":0.95,"lower_bound":0.05700068914095935,"upper_bound":0.10251719472913053},"point_estimate":0.0775255344657743,"standard_error":0.012720787468617592}}