{"mean":{"confidence_interval":{"confidence_level":0.95,"lower_bound":2185.481448445719,"upper_bound":2192.68260561914},"point_estimate":2188.890291709995,"standard_error":1.8403459807851819},"median":{"confidence_interval":{"confidence_level":0.95,"lower_bound":2182.7953812192222,"upper_bound":2187.6130459775577},"point_estimate":2184.41946571155,"standard_error":1.3530060556582404},"median_abs_dev":{"confidence_interval":{"confidence_level":0.95,"lower_bound":6.9486323262109515,"upper_bound":12.330857812067519},"point_estimate":10.193903483771324,"standard_error":1.3809519071371512},"slope":{"confidence_interval":{"confidence_level":0.95,"lower_bound":2184.572025749805,"upper_bound":2188.8798022762576},"point_estimate":2186.6632320986373,"standard_error":1.0982823755898052},"std_dev":{"confidence_interval":{"confidence_level":0.95,"lower_bound":12.725476210611301,"upper_bound":23.805407979924006},"point_estimate":18.498528041679325,"standard_error":2.844639483673035}}