{"mean":{"confidence_interval":{"confidence_level":0.95,"lower_bound":4864.923095703125,"upper_bound":5006.8359375},"point_estimate":4935.8795166015625,"standard_error":50.19006939102427},"median":{"confidence_interval":{"confidence_level":0.95,"lower_bound":4864.923095703125,"upper_bound":5006.8359375},"point_estimate":4935.8795166015625,"standard_error":50.19006939102427},"median_abs_dev":{"confidence_interval":{"confidence_level":0.95,"lower_bound":0.0,"upper_bound":105.19998775635031},"point_estimate":105.19998775635031,"standard_error":52.60024610754345},"slope":{"confidence_interval":{"confidence_level":0.95,"lower_bound":4864.923095703125,"upper_bound":5006.8359375},"point_estimate":4893.3056640625,"standard_error":54.34829152840789},"std_dev":{"confidence_interval":{"confidence_level":0.95,"lower_bound":0.0,"upper_bound":100.34753277202402},"point_estimate":100.34753277202402,"standard_error":50.17400698105265}}