{"mean":{"confidence_interval":{"confidence_level":0.95,"lower_bound":3319.244819956361,"upper_bound":3330.24416223934},"point_estimate":3324.714408682923,"standard_error":2.799329201791181},"median":{"confidence_interval":{"confidence_level":0.95,"lower_bound":3319.081030398737,"upper_bound":3327.8993288590605},"point_estimate":3324.815839553123,"standard_error":2.0361612954182187},"median_abs_dev":{"confidence_interval":{"confidence_level":0.95,"lower_bound":16.27107596189316,"upper_bound":27.60358437064181},"point_estimate":21.285704879734343,"standard_error":3.038475159611553},"slope":{"confidence_interval":{"confidence_level":0.95,"lower_bound":3325.760341628466,"upper_bound":3333.709985101042},"point_estimate":3329.679638057966,"standard_error":2.027481738227202},"std_dev":{"confidence_interval":{"confidence_level":0.95,"lower_bound":22.315168346080846,"upper_bound":33.49525934077353},"point_estimate":28.193603898851475,"standard_error":2.8606325964325756}}