{"mean":{"confidence_interval":{"confidence_level":0.95,"lower_bound":803.7447729201738,"upper_bound":805.7840168757303},"point_estimate":804.6230743240899,"standard_error":0.5257084130953079},"median":{"confidence_interval":{"confidence_level":0.95,"lower_bound":803.1225329112093,"upper_bound":804.2015049809739},"point_estimate":803.5065164611765,"standard_error":0.2425644624520967},"median_abs_dev":{"confidence_interval":{"confidence_level":0.95,"lower_bound":1.380623551849736,"upper_bound":2.480714562806994},"point_estimate":1.9035058805116278,"standard_error":0.27952449409613234},"slope":{"confidence_interval":{"confidence_level":0.95,"lower_bound":803.8870388115896,"upper_bound":805.9325091232905},"point_estimate":804.7596788903766,"standard_error":0.5300143794634063},"std_dev":{"confidence_interval":{"confidence_level":0.95,"lower_bound":2.232661359240156,"upper_bound":8.066891160863296},"point_estimate":5.276556610970261,"standard_error":1.6166195533496235}}