{"mean":{"confidence_interval":{"confidence_level":0.95,"lower_bound":4720.398962473659,"upper_bound":4740.3830443896695},"point_estimate":4729.2569569053585,"standard_error":5.144330686543163},"median":{"confidence_interval":{"confidence_level":0.95,"lower_bound":4713.964705882353,"upper_bound":4722.805079365079},"point_estimate":4718.716170923311,"standard_error":2.734523748412699},"median_abs_dev":{"confidence_interval":{"confidence_level":0.95,"lower_bound":11.30078616636668,"upper_bound":20.096123687054096},"point_estimate":15.409282118380363,"standard_error":2.2362263138027747},"slope":{"confidence_interval":{"confidence_level":0.95,"lower_bound":4719.5929123225405,"upper_bound":4727.963617713466},"point_estimate":4723.485276165143,"standard_error":2.1336100829244042},"std_dev":{"confidence_interval":{"confidence_level":0.95,"lower_bound":24.6540623994033,"upper_bound":76.20729465216176},"point_estimate":51.57200448934551,"standard_error":13.726218472403845}}