{"mean":{"confidence_interval":{"confidence_level":0.95,"lower_bound":6.903809905052185,"upper_bound":6.923152685165405},"point_estimate":6.913481295108795,"standard_error":0.006853187232073055},"median":{"confidence_interval":{"confidence_level":0.95,"lower_bound":6.903809905052185,"upper_bound":6.923152685165405},"point_estimate":6.913481295108795,"standard_error":0.006853187232073055},"median_abs_dev":{"confidence_interval":{"confidence_level":0.95,"lower_bound":0.0,"upper_bound":0.014338802643365511},"point_estimate":0.014338802643365511,"standard_error":0.00716937088721191},"slope":{"confidence_interval":{"confidence_level":0.95,"lower_bound":6.903809905052185,"upper_bound":6.923152685165405},"point_estimate":6.907678461074829,"standard_error":0.007446792428963942},"std_dev":{"confidence_interval":{"confidence_level":0.95,"lower_bound":0.0,"upper_bound":0.01367741098505831},"point_estimate":0.01367741098505831,"standard_error":0.006838676461873242}}