{"mean":{"confidence_interval":{"confidence_level":0.95,"lower_bound":67.30448507525311,"upper_bound":67.63127913898867},"point_estimate":67.45016446271403,"standard_error":0.08396096055305835},"median":{"confidence_interval":{"confidence_level":0.95,"lower_bound":67.17670475107273,"upper_bound":67.3461072494056},"point_estimate":67.28596699819121,"standard_error":0.041525927786862725},"median_abs_dev":{"confidence_interval":{"confidence_level":0.95,"lower_bound":0.22553039627641866,"upper_bound":0.3841968152226628},"point_estimate":0.3073051634171587,"standard_error":0.041235126082103495},"slope":{"confidence_interval":{"confidence_level":0.95,"lower_bound":67.23107731394018,"upper_bound":67.37976699089323},"point_estimate":67.30160404140393,"standard_error":0.03785535628685246},"std_dev":{"confidence_interval":{"confidence_level":0.95,"lower_bound":0.38927714741044606,"upper_bound":1.2156595837919473},"point_estimate":0.8439452179422229,"standard_error":0.2126035831356971}}