{"mean":{"confidence_interval":{"confidence_level":0.95,"lower_bound":913.2437332618268,"upper_bound":917.9589420819766},"point_estimate":915.3018731910919,"standard_error":1.2195571197569794},"median":{"confidence_interval":{"confidence_level":0.95,"lower_bound":911.3599247111591,"upper_bound":913.4694871198013},"point_estimate":912.3539152498649,"standard_error":0.49214933667269856},"median_abs_dev":{"confidence_interval":{"confidence_level":0.95,"lower_bound":2.4450191733497095,"upper_bound":4.531733294645055},"point_estimate":3.357732801996041,"standard_error":0.48776192584189165},"slope":{"confidence_interval":{"confidence_level":0.95,"lower_bound":912.6809044872994,"upper_bound":915.3434463231456},"point_estimate":913.8833772505909,"standard_error":0.6839297052322243},"std_dev":{"confidence_interval":{"confidence_level":0.95,"lower_bound":5.20018169120462,"upper_bound":18.69303962384482},"point_estimate":12.309060154099283,"standard_error":3.720827892457025}}