{"mean":{"confidence_interval":{"confidence_level":0.95,"lower_bound":577.4041490278628,"upper_bound":580.5762001530728},"point_estimate":578.8603161067975,"standard_error":0.8115322057356757},"median":{"confidence_interval":{"confidence_level":0.95,"lower_bound":576.2168354454133,"upper_bound":577.4061847243665},"point_estimate":576.754893411673,"standard_error":0.3265332487694273},"median_abs_dev":{"confidence_interval":{"confidence_level":0.95,"lower_bound":1.8538976248052788,"upper_bound":3.346299539656313},"point_estimate":2.5347792788384274,"standard_error":0.3668842063198907},"slope":{"confidence_interval":{"confidence_level":0.95,"lower_bound":576.7072563304272,"upper_bound":577.882927802871},"point_estimate":577.2756462219127,"standard_error":0.2993497222273321},"std_dev":{"confidence_interval":{"confidence_level":0.95,"lower_bound":4.851591205717574,"upper_bound":11.03658329209375},"point_estimate":8.157493232969813,"standard_error":1.5837485205035582}}