{"mean":{"confidence_interval":{"confidence_level":0.95,"lower_bound":1122.663949206352,"upper_bound":1126.4217419641527},"point_estimate":1124.4594269814186,"standard_error":0.9588945572851446},"median":{"confidence_interval":{"confidence_level":0.95,"lower_bound":1121.2357954545455,"upper_bound":1124.3390151515152},"point_estimate":1122.028909148887,"standard_error":0.9300587608645422},"median_abs_dev":{"confidence_interval":{"confidence_level":0.95,"lower_bound":4.008744717791665,"upper_bound":8.475103389690538},"point_estimate":5.696455704845246,"standard_error":1.2207017459784038},"slope":{"confidence_interval":{"confidence_level":0.95,"lower_bound":1122.771072606167,"upper_bound":1125.4638283349611},"point_estimate":1124.070003939573,"standard_error":0.6856895476353436},"std_dev":{"confidence_interval":{"confidence_level":0.95,"lower_bound":7.214150688137732,"upper_bound":11.963075038886032},"point_estimate":9.655464165194033,"standard_error":1.222015834128055}}