{"mean":{"confidence_interval":{"confidence_level":0.95,"lower_bound":1.6758940517902374,"upper_bound":1.6813544631004333},"point_estimate":1.6786242574453354,"standard_error":0.0019360495012548699},"median":{"confidence_interval":{"confidence_level":0.95,"lower_bound":1.6758940517902374,"upper_bound":1.6813544631004333},"point_estimate":1.6786242574453354,"standard_error":0.0019360495012548699},"median_abs_dev":{"confidence_interval":{"confidence_level":0.95,"lower_bound":0.0,"upper_bound":0.004047802832385372},"point_estimate":0.004047802832385372,"standard_error":0.002023878193985855},"slope":{"confidence_interval":{"confidence_level":0.95,"lower_bound":1.6758940517902374,"upper_bound":1.6813544631004333},"point_estimate":1.6769861340522767,"standard_error":0.00209529768348989},"std_dev":{"confidence_interval":{"confidence_level":0.95,"lower_bound":0.0,"upper_bound":0.0038610938655072578},"point_estimate":0.0038610938655072578,"standard_error":0.001930524781695175}}