{"mean":{"confidence_interval":{"confidence_level":0.95,"lower_bound":24584.91007063871,"upper_bound":24749.837615546512},"point_estimate":24653.845019626002,"standard_error":42.66640736116808},"median":{"confidence_interval":{"confidence_level":0.95,"lower_bound":24538.89942167463,"upper_bound":24583.377789998056},"point_estimate":24561.948944302876,"standard_error":12.348204743494989},"median_abs_dev":{"confidence_interval":{"confidence_level":0.95,"lower_bound":69.9794264758817,"upper_bound":130.71999639396483},"point_estimate":97.00285845609382,"standard_error":14.989063464875983},"slope":{"confidence_interval":{"confidence_level":0.95,"lower_bound":24566.805073333544,"upper_bound":24641.725392225297},"point_estimate":24599.64359499292,"standard_error":19.196503441799592},"std_dev":{"confidence_interval":{"confidence_level":0.95,"lower_bound":161.07072065375576,"upper_bound":672.8328069052823},"point_estimate":427.72883097434504,"standard_error":152.85214117370495}}