{"mean":{"confidence_interval":{"confidence_level":0.95,"lower_bound":32.96335508632336,"upper_bound":33.11054434211593},"point_estimate":33.03333376333636,"standard_error":0.037602324084171294},"median":{"confidence_interval":{"confidence_level":0.95,"lower_bound":32.86738414804186,"upper_bound":32.97807299752271},"point_estimate":32.9124190744059,"standard_error":0.030544286998861366},"median_abs_dev":{"confidence_interval":{"confidence_level":0.95,"lower_bound":0.12494696207496304,"upper_bound":0.22465626401808392},"point_estimate":0.162482015245655,"standard_error":0.027659859934426118},"slope":{"confidence_interval":{"confidence_level":0.95,"lower_bound":32.91368324067811,"upper_bound":33.03648571887539},"point_estimate":32.97011430157793,"standard_error":0.03132055270018116},"std_dev":{"confidence_interval":{"confidence_level":0.95,"lower_bound":0.2721730256019771,"upper_bound":0.4632256627950126},"point_estimate":0.37670803467391495,"standard_error":0.048873832684170115}}