{"mean":{"confidence_interval":{"confidence_level":0.95,"lower_bound":1302.0230372639076,"upper_bound":1307.978410201776},"point_estimate":1304.3999666309967,"standard_error":1.562720937695975},"median":{"confidence_interval":{"confidence_level":0.95,"lower_bound":1300.6745101153774,"upper_bound":1302.633774265638},"point_estimate":1301.739263490131,"standard_error":0.5161510316844293},"median_abs_dev":{"confidence_interval":{"confidence_level":0.95,"lower_bound":3.0127935471623433,"upper_bound":5.4735077505180785},"point_estimate":4.29209243765668,"standard_error":0.6121693342809057},"slope":{"confidence_interval":{"confidence_level":0.95,"lower_bound":1300.8343103622526,"upper_bound":1302.576938108178},"point_estimate":1301.679160084875,"standard_error":0.4453032612679772},"std_dev":{"confidence_interval":{"confidence_level":0.95,"lower_bound":5.258848272814401,"upper_bound":25.34289398032084},"point_estimate":15.63962035670504,"standard_error":6.534828110969817}}