{"mean":{"confidence_interval":{"confidence_level":0.95,"lower_bound":391.6053771972656,"upper_bound":403.2623291015625},"point_estimate":397.43385314941406,"standard_error":4.108783668329728},"median":{"confidence_interval":{"confidence_level":0.95,"lower_bound":391.6053771972656,"upper_bound":403.2623291015625},"point_estimate":397.43385314941406,"standard_error":4.108783668329728},"median_abs_dev":{"confidence_interval":{"confidence_level":0.95,"lower_bound":0.0,"upper_bound":8.641298293241562},"point_estimate":8.641298293241562,"standard_error":4.320592457901074},"slope":{"confidence_interval":{"confidence_level":0.95,"lower_bound":391.6053771972656,"upper_bound":403.2623291015625},"point_estimate":393.936767578125,"standard_error":4.454714840944167},"std_dev":{"confidence_interval":{"confidence_level":0.95,"lower_bound":0.0,"upper_bound":8.242709739493758},"point_estimate":8.242709739493758,"standard_error":4.121300795851239}}