{"mean":{"confidence_interval":{"confidence_level":0.95,"lower_bound":53.01898423314879,"upper_bound":53.24206425698087},"point_estimate":53.121581786393634,"standard_error":0.05720842053285417},"median":{"confidence_interval":{"confidence_level":0.95,"lower_bound":52.908290771890385,"upper_bound":53.00244627221023},"point_estimate":52.94151843846742,"standard_error":0.02673445047511964},"median_abs_dev":{"confidence_interval":{"confidence_level":0.95,"lower_bound":0.10641507537914724,"upper_bound":0.213383302731559},"point_estimate":0.1429917939352475,"standard_error":0.02677704469716765},"slope":{"confidence_interval":{"confidence_level":0.95,"lower_bound":52.95175741265778,"upper_bound":53.14350382726839},"point_estimate":53.02729542106229,"standard_error":0.05098882470892435},"std_dev":{"confidence_interval":{"confidence_level":0.95,"lower_bound":0.33245303437927937,"upper_bound":0.7688998501211549},"point_estimate":0.5724447109358864,"standard_error":0.11076611258960878}}