{"mean":{"confidence_interval":{"confidence_level":0.95,"lower_bound":470.29696440146523,"upper_bound":473.03308115256186},"point_estimate":471.5557810676561,"standard_error":0.6969255045019832},"median":{"confidence_interval":{"confidence_level":0.95,"lower_bound":468.68185112907724,"upper_bound":470.6064754302819},"point_estimate":469.0807959516786,"standard_error":0.5383532274701023},"median_abs_dev":{"confidence_interval":{"confidence_level":0.95,"lower_bound":2.3643804210728394,"upper_bound":4.225112533038985},"point_estimate":2.972671635630787,"standard_error":0.4834122990046156},"slope":{"confidence_interval":{"confidence_level":0.95,"lower_bound":468.93902455228016,"upper_bound":470.7741130793903},"point_estimate":469.7285652465933,"standard_error":0.4731690133979129},"std_dev":{"confidence_interval":{"confidence_level":0.95,"lower_bound":4.434047972208021,"upper_bound":9.622620007418668},"point_estimate":6.995790030267219,"standard_error":1.3936582551080519}}