{"mean":{"confidence_interval":{"confidence_level":0.95,"lower_bound":117821.56955223529,"upper_bound":118528.39579299613},"point_estimate":118122.76437941637,"standard_error":182.84132941740822},"median":{"confidence_interval":{"confidence_level":0.95,"lower_bound":117640.81613756614,"upper_bound":117825.30065359476},"point_estimate":117687.91988304093,"standard_error":45.82016007249014},"median_abs_dev":{"confidence_interval":{"confidence_level":0.95,"lower_bound":315.67741396374765,"upper_bound":535.7129101222301},"point_estimate":422.00440237990927,"standard_error":57.132703385521445},"slope":{"confidence_interval":{"confidence_level":0.95,"lower_bound":117644.69846700443,"upper_bound":117844.51037072953},"point_estimate":117738.95561794986,"standard_error":51.092486896014435},"std_dev":{"confidence_interval":{"confidence_level":0.95,"lower_bound":730.1639141278497,"upper_bound":2847.2480692897398},"point_estimate":1841.7628755386445,"standard_error":604.015475206153}}