{"mean":{"confidence_interval":{"confidence_level":0.95,"lower_bound":1253.4657472334136,"upper_bound":1259.152233392448},"point_estimate":1256.078467019432,"standard_error":1.4541008627033798},"median":{"confidence_interval":{"confidence_level":0.95,"lower_bound":1251.1503173584367,"upper_bound":1254.8064953950802},"point_estimate":1253.4280487804879,"standard_error":0.9770667338848736},"median_abs_dev":{"confidence_interval":{"confidence_level":0.95,"lower_bound":6.061242896148092,"upper_bound":11.266849828054298},"point_estimate":7.436802808363218,"standard_error":1.3372751902265254},"slope":{"confidence_interval":{"confidence_level":0.95,"lower_bound":1251.2323589439454,"upper_bound":1256.1555018635104},"point_estimate":1253.4854062824327,"standard_error":1.2527430731678615},"std_dev":{"confidence_interval":{"confidence_level":0.95,"lower_bound":8.878974578231423,"upper_bound":20.576812353729586},"point_estimate":14.622262254531282,"standard_error":3.2199137118210857}}