{"mean":{"confidence_interval":{"confidence_level":0.95,"lower_bound":20.008558628241534,"upper_bound":20.08610791331539},"point_estimate":20.045648518888623,"standard_error":0.019814203763305695},"median":{"confidence_interval":{"confidence_level":0.95,"lower_bound":19.961401707995165,"upper_bound":20.01865219839869},"point_estimate":19.98964975138531,"standard_error":0.012005878862342417},"median_abs_dev":{"confidence_interval":{"confidence_level":0.95,"lower_bound":0.061903745892232985,"upper_bound":0.13304089642421038},"point_estimate":0.09245316775515765,"standard_error":0.019252329736272302},"slope":{"confidence_interval":{"confidence_level":0.95,"lower_bound":20.00510594475348,"upper_bound":20.066890236917033},"point_estimate":20.03411166073862,"standard_error":0.015791248699611158},"std_dev":{"confidence_interval":{"confidence_level":0.95,"lower_bound":0.14795510912654056,"upper_bound":0.24262130428925271},"point_estimate":0.19896246392875924,"standard_error":0.02422185698655499}}