{"mean":{"confidence_interval":{"confidence_level":0.95,"lower_bound":83987.17567788856,"upper_bound":84553.15596339149},"point_estimate":84206.4447766688,"standard_error":151.76865675588965},"median":{"confidence_interval":{"confidence_level":0.95,"lower_bound":83909.32679738563,"upper_bound":84145.00245098039},"point_estimate":84019.0869354567,"standard_error":59.724382442441716},"median_abs_dev":{"confidence_interval":{"confidence_level":0.95,"lower_bound":322.9921755479886,"upper_bound":502.1205923570117},"point_estimate":416.86847871022053,"standard_error":45.57761803899122},"slope":{"confidence_interval":{"confidence_level":0.95,"lower_bound":83885.43250941882,"upper_bound":84044.00037428028},"point_estimate":83966.1448091227,"standard_error":40.50459947535834},"std_dev":{"confidence_interval":{"confidence_level":0.95,"lower_bound":392.9300941880626,"upper_bound":2526.960732620936},"point_estimate":1525.5177015081138,"standard_error":701.1046785631943}}