{"mean":{"confidence_interval":{"confidence_level":0.95,"lower_bound":645.5214509876694,"upper_bound":648.5777985735516},"point_estimate":646.9543114581446,"standard_error":0.7804593179281533},"median":{"confidence_interval":{"confidence_level":0.95,"lower_bound":643.9068693863214,"upper_bound":646.3765166340509},"point_estimate":644.8970791705291,"standard_error":0.6148311870460503},"median_abs_dev":{"confidence_interval":{"confidence_level":0.95,"lower_bound":2.8631067110467123,"upper_bound":4.932956332790541},"point_estimate":3.6050050417181634,"standard_error":0.4933442071998193},"slope":{"confidence_interval":{"confidence_level":0.95,"lower_bound":644.8762924007287,"upper_bound":646.477250724562},"point_estimate":645.649934030994,"standard_error":0.4094584130698848},"std_dev":{"confidence_interval":{"confidence_level":0.95,"lower_bound":5.341036941741369,"upper_bound":9.913392436011538},"point_estimate":7.835671714862213,"standard_error":1.165848613143965}}