{"mean":{"confidence_interval":{"confidence_level":0.95,"lower_bound":6899.9630126953125,"upper_bound":7013.576416015625},"point_estimate":6956.769714355469,"standard_error":40.23630110563933},"median":{"confidence_interval":{"confidence_level":0.95,"lower_bound":6899.9630126953125,"upper_bound":7013.576416015625},"point_estimate":6956.769714355469,"standard_error":40.23630110563933},"median_abs_dev":{"confidence_interval":{"confidence_level":0.95,"lower_bound":0.0,"upper_bound":84.2216143861151},"point_estimate":84.2216143861151,"standard_error":42.11077720142955},"slope":{"confidence_interval":{"confidence_level":0.95,"lower_bound":6899.9630126953125,"upper_bound":7013.576416015625},"point_estimate":6922.685693359375,"standard_error":43.75158283036766},"std_dev":{"confidence_interval":{"confidence_level":0.95,"lower_bound":0.0,"upper_bound":80.33680792147518},"point_estimate":80.33680792147518,"standard_error":40.168375352531854}}