{"mean":{"confidence_interval":{"confidence_level":0.95,"lower_bound":1773.136955925249,"upper_bound":1780.9781680359017},"point_estimate":1776.2801915644761,"standard_error":2.0642764958665003},"median":{"confidence_interval":{"confidence_level":0.95,"lower_bound":1770.6524255498264,"upper_bound":1774.5454109843645},"point_estimate":1772.6284943561188,"standard_error":0.9204661319925994},"median_abs_dev":{"confidence_interval":{"confidence_level":0.95,"lower_bound":4.43319473877165,"upper_bound":8.011072629666327},"point_estimate":6.155481264528659,"standard_error":0.855714455399103},"slope":{"confidence_interval":{"confidence_level":0.95,"lower_bound":1772.2750138966248,"upper_bound":1774.721612285159},"point_estimate":1773.4520588153655,"standard_error":0.6240386737660562},"std_dev":{"confidence_interval":{"confidence_level":0.95,"lower_bound":7.046885912936418,"upper_bound":33.81453076061791},"point_estimate":20.80342762071961,"standard_error":8.779730732857486}}