{"mean":{"confidence_interval":{"confidence_level":0.95,"lower_bound":367.9936328696778,"upper_bound":369.2667641873499},"point_estimate":368.5909167311823,"standard_error":0.32600753503133395},"median":{"confidence_interval":{"confidence_level":0.95,"lower_bound":367.39786951965516,"upper_bound":368.0443036164079},"point_estimate":367.66758733224185,"standard_error":0.19170892391478123},"median_abs_dev":{"confidence_interval":{"confidence_level":0.95,"lower_bound":1.0096452975323185,"upper_bound":1.7842052466488676},"point_estimate":1.3980600540543116,"standard_error":0.1910468702741743},"slope":{"confidence_interval":{"confidence_level":0.95,"lower_bound":367.81374137876196,"upper_bound":368.9052459737838},"point_estimate":368.31856895905275,"standard_error":0.2789521798866503},"std_dev":{"confidence_interval":{"confidence_level":0.95,"lower_bound":2.1929011865492356,"upper_bound":4.212073244491267},"point_estimate":3.292031505163491,"standard_error":0.5155854745091564}}