{"mean":{"confidence_interval":{"confidence_level":0.95,"lower_bound":308.87076449043036,"upper_bound":312.12550908727997},"point_estimate":310.4642764262108,"standard_error":0.8322981307096453},"median":{"confidence_interval":{"confidence_level":0.95,"lower_bound":306.48101947333,"upper_bound":309.06312609395275},"point_estimate":307.98386105630846,"standard_error":0.6775203695880717},"median_abs_dev":{"confidence_interval":{"confidence_level":0.95,"lower_bound":4.662218432296034,"upper_bound":8.807227708150618},"point_estimate":6.456766395429602,"standard_error":1.0437344731151577},"slope":{"confidence_interval":{"confidence_level":0.95,"lower_bound":309.9285402920532,"upper_bound":313.50673635205584},"point_estimate":311.72317302880083,"standard_error":0.9158465301154194},"std_dev":{"confidence_interval":{"confidence_level":0.95,"lower_bound":6.845953545528938,"upper_bound":9.710694785199758},"point_estimate":8.369154900044355,"standard_error":0.7299371207412275}}