{"mean":{"confidence_interval":{"confidence_level":0.95,"lower_bound":3415.7004143146105,"upper_bound":3430.5542629093206},"point_estimate":3422.6687850201847,"standard_error":3.7965506697660505},"median":{"confidence_interval":{"confidence_level":0.95,"lower_bound":3409.081173793225,"upper_bound":3424.2405498281787},"point_estimate":3416.714890809535,"standard_error":3.7337638890702114},"median_abs_dev":{"confidence_interval":{"confidence_level":0.95,"lower_bound":18.649712805837222,"upper_bound":29.55774088044491},"point_estimate":22.62505023867949,"standard_error":2.795205583627206},"slope":{"confidence_interval":{"confidence_level":0.95,"lower_bound":3408.107133149021,"upper_bound":3418.7574372884674},"point_estimate":3413.007570151691,"standard_error":2.7128282340475103},"std_dev":{"confidence_interval":{"confidence_level":0.95,"lower_bound":24.918854381545337,"upper_bound":50.99162667158706},"point_estimate":38.11945786165744,"standard_error":6.783010485060024}}