{"mean":{"confidence_interval":{"confidence_level":0.95,"lower_bound":16.132460323783015,"upper_bound":16.187448256317303},"point_estimate":16.157792113309153,"standard_error":0.014065859231126401},"median":{"confidence_interval":{"confidence_level":0.95,"lower_bound":16.10269365829784,"upper_bound":16.12268409673988},"point_estimate":16.112887280598976,"standard_error":0.00517205423303788},"median_abs_dev":{"confidence_interval":{"confidence_level":0.95,"lower_bound":0.025305396683298977,"upper_bound":0.054424824953524735},"point_estimate":0.037606990211117595,"standard_error":0.007399648094115056},"slope":{"confidence_interval":{"confidence_level":0.95,"lower_bound":16.122447184150637,"upper_bound":16.184710667557706},"point_estimate":16.147989248426217,"standard_error":0.016343948484206186},"std_dev":{"confidence_interval":{"confidence_level":0.95,"lower_bound":0.08426364311068285,"upper_bound":0.18755834141770222},"point_estimate":0.14093575382597237,"standard_error":0.02639933464527862}}