{"mean":{"confidence_interval":{"confidence_level":0.95,"lower_bound":399.77815270826085,"upper_bound":401.1177427973681},"point_estimate":400.35736975919417,"standard_error":0.34457006103490945},"median":{"confidence_interval":{"confidence_level":0.95,"lower_bound":399.57878557812126,"upper_bound":400.3285098227524},"point_estimate":400.098775828724,"standard_error":0.189840942245738},"median_abs_dev":{"confidence_interval":{"confidence_level":0.95,"lower_bound":1.0673700214208084,"upper_bound":1.8589604878218335},"point_estimate":1.4350713704767426,"standard_error":0.19341624880404362},"slope":{"confidence_interval":{"confidence_level":0.95,"lower_bound":399.89724134323325,"upper_bound":400.6807551688457},"point_estimate":400.2736465379221,"standard_error":0.2001304086041012},"std_dev":{"confidence_interval":{"confidence_level":0.95,"lower_bound":1.6131954678232643,"upper_bound":5.3233015337659895},"point_estimate":3.4559739955727613,"standard_error":1.120553376728603}}