{"mean":{"confidence_interval":{"confidence_level":0.95,"lower_bound":3842225.875,"upper_bound":3843528.3125},"point_estimate":3842877.09375,"standard_error":460.25232073774276},"median":{"confidence_interval":{"confidence_level":0.95,"lower_bound":3842225.875,"upper_bound":3843528.3125},"point_estimate":3842877.09375,"standard_error":460.25232073774276},"median_abs_dev":{"confidence_interval":{"confidence_level":0.95,"lower_bound":0.0,"upper_bound":965.4969016090035},"point_estimate":965.4969016090035,"standard_error":482.7506327476249},"slope":{"confidence_interval":{"confidence_level":0.95,"lower_bound":3842225.875,"upper_bound":3843528.3125},"point_estimate":3843267.825,"standard_error":502.46958159598086},"std_dev":{"confidence_interval":{"confidence_level":0.95,"lower_bound":0.0,"upper_bound":920.962388321654},"point_estimate":920.962388321654,"standard_error":460.48327545957534}}