{"mean":{"confidence_interval":{"confidence_level":0.95,"lower_bound":3608.6184081897068,"upper_bound":3620.3656144965003},"point_estimate":3613.9781956746365,"standard_error":2.9966611984946505},"median":{"confidence_interval":{"confidence_level":0.95,"lower_bound":3602.363186896135,"upper_bound":3612.3283168963394},"point_estimate":3609.726779839247,"standard_error":2.072891264810616},"median_abs_dev":{"confidence_interval":{"confidence_level":0.95,"lower_bound":11.792978907956801,"upper_bound":19.05743496627511},"point_estimate":15.62780713997762,"standard_error":1.8395355514367489},"slope":{"confidence_interval":{"confidence_level":0.95,"lower_bound":3606.154613635601,"upper_bound":3612.1366503945246},"point_estimate":3609.121364368429,"standard_error":1.5215449580311398},"std_dev":{"confidence_interval":{"confidence_level":0.95,"lower_bound":16.822006671755965,"upper_bound":42.20513292375222},"point_estimate":30.14222583470016,"standard_error":6.6028221151264646}}