{"mean":{"confidence_interval":{"confidence_level":0.95,"lower_bound":422.6600991468841,"upper_bound":424.2223657884371},"point_estimate":423.3546868216066,"standard_error":0.4025486757748944},"median":{"confidence_interval":{"confidence_level":0.95,"lower_bound":422.23724332792483,"upper_bound":422.63493326880956},"point_estimate":422.44140845300507,"standard_error":0.08739877518167376},"median_abs_dev":{"confidence_interval":{"confidence_level":0.95,"lower_bound":0.5531017237489134,"upper_bound":0.9188777869898903},"point_estimate":0.7336610287543739,"standard_error":0.09403093560199967},"slope":{"confidence_interval":{"confidence_level":0.95,"lower_bound":422.40925339678773,"upper_bound":422.86581742506445},"point_estimate":422.62541873052874,"standard_error":0.11674547592393639},"std_dev":{"confidence_interval":{"confidence_level":0.95,"lower_bound":2.04879971584832,"upper_bound":5.650357028098541},"point_estimate":4.045851596363376,"standard_error":0.9749566753820921}}