{"mean":{"confidence_interval":{"confidence_level":0.95,"lower_bound":2399.8279827903107,"upper_bound":2405.285705346537},"point_estimate":2402.311177025907,"standard_error":1.3979042142265123},"median":{"confidence_interval":{"confidence_level":0.95,"lower_bound":2397.7,"upper_bound":2401.799991373361},"point_estimate":2399.882203145975,"standard_error":1.1418677201764147},"median_abs_dev":{"confidence_interval":{"confidence_level":0.95,"lower_bound":4.893336142913271,"upper_bound":8.28626267524888},"point_estimate":6.227149251526833,"standard_error":0.8603323079951356},"slope":{"confidence_interval":{"confidence_level":0.95,"lower_bound":2399.530798280507,"upper_bound":2404.3272756304214},"point_estimate":2401.6176920320195,"standard_error":1.2261075282677416},"std_dev":{"confidence_interval":{"confidence_level":0.95,"lower_bound":7.913402313623382,"upper_bound":20.084101414868535},"point_estimate":14.012459411318694,"standard_error":3.2606730027101434}}