{"mean":{"confidence_interval":{"confidence_level":0.95,"lower_bound":36645.215874262765,"upper_bound":36953.402886700766},"point_estimate":36774.955483589925,"standard_error":79.91686592887045},"median":{"confidence_interval":{"confidence_level":0.95,"lower_bound":36625.63847727362,"upper_bound":36756.33630952381},"point_estimate":36700.43695675559,"standard_error":38.478167406783975},"median_abs_dev":{"confidence_interval":{"confidence_level":0.95,"lower_bound":201.26929091542996,"upper_bound":397.9589117823278},"point_estimate":302.80616869212383,"standard_error":49.4674756288888},"slope":{"confidence_interval":{"confidence_level":0.95,"lower_bound":36496.26874422693,"upper_bound":36639.36527769849},"point_estimate":36567.30155185881,"standard_error":36.44064239738681},"std_dev":{"confidence_interval":{"confidence_level":0.95,"lower_bound":319.6993527249304,"upper_bound":1271.142284620015},"point_estimate":804.1067867767213,"standard_error":290.6146702779654}}