{"mean":{"confidence_interval":{"confidence_level":0.95,"lower_bound":93550.1647530897,"upper_bound":94146.19441407907},"point_estimate":93818.99908571312,"standard_error":153.00745838750058},"median":{"confidence_interval":{"confidence_level":0.95,"lower_bound":93297.98530762167,"upper_bound":93418.03181818181},"point_estimate":93389.52070175439,"standard_error":33.29275118618136},"median_abs_dev":{"confidence_interval":{"confidence_level":0.95,"lower_bound":282.7960459319603,"upper_bound":495.20507399283827},"point_estimate":391.59249715720654,"standard_error":55.44879516042966},"slope":{"confidence_interval":{"confidence_level":0.95,"lower_bound":93350.31857105771,"upper_bound":93507.98549904558},"point_estimate":93423.7724822333,"standard_error":40.33931669415332},"std_dev":{"confidence_interval":{"confidence_level":0.95,"lower_bound":822.3116296578283,"upper_bound":2162.8594622664964},"point_estimate":1535.1161235044385,"standard_error":349.141021661677}}