{"mean":{"confidence_interval":{"confidence_level":0.95,"lower_bound":492.24001827042514,"upper_bound":494.53345738451503},"point_estimate":493.2448266886806,"standard_error":0.5887733769776219},"median":{"confidence_interval":{"confidence_level":0.95,"lower_bound":491.243032800267,"upper_bound":491.62782073343567},"point_estimate":491.43278836703723,"standard_error":0.09232196049900943},"median_abs_dev":{"confidence_interval":{"confidence_level":0.95,"lower_bound":0.5694767827585528,"upper_bound":1.5368500238663547},"point_estimate":0.7593112278637865,"standard_error":0.24069806216589135},"slope":{"confidence_interval":{"confidence_level":0.95,"lower_bound":491.87920206785014,"upper_bound":493.23708261831075},"point_estimate":492.49998010592026,"standard_error":0.34887113350816473},"std_dev":{"confidence_interval":{"confidence_level":0.95,"lower_bound":2.8105379477408046,"upper_bound":8.904168223621554},"point_estimate":5.933367760033023,"standard_error":1.7256167338526167}}