{"mean":{"confidence_interval":{"confidence_level":0.95,"lower_bound":483.14238835897794,"upper_bound":484.08163651533187},"point_estimate":483.54361707591255,"standard_error":0.24318315928553869},"median":{"confidence_interval":{"confidence_level":0.95,"lower_bound":482.8354682277478,"upper_bound":483.18380011872},"point_estimate":483.01770595080455,"standard_error":0.08401708725374575},"median_abs_dev":{"confidence_interval":{"confidence_level":0.95,"lower_bound":0.5681184162707453,"upper_bound":1.0270493779970207},"point_estimate":0.7569927368491501,"standard_error":0.11384012759446603},"slope":{"confidence_interval":{"confidence_level":0.95,"lower_bound":483.05755787112474,"upper_bound":483.6593581205954},"point_estimate":483.3383772471564,"standard_error":0.1542035636709442},"std_dev":{"confidence_interval":{"confidence_level":0.95,"lower_bound":0.9296407697547937,"upper_bound":3.8112318270799075},"point_estimate":2.45104153778344,"standard_error":0.8155141813668062}}