{"mean":{"confidence_interval":{"confidence_level":0.95,"lower_bound":3262.8793426148704,"upper_bound":3277.713337913499},"point_estimate":3269.868133464068,"standard_error":3.7979630882254583},"median":{"confidence_interval":{"confidence_level":0.95,"lower_bound":3255.7121374004296,"upper_bound":3264.231882419446},"point_estimate":3259.890400978117,"standard_error":2.1563909632997382},"median_abs_dev":{"confidence_interval":{"confidence_level":0.95,"lower_bound":14.964851582715168,"upper_bound":25.017808006106428},"point_estimate":19.671269412963923,"standard_error":2.5883154697443596},"slope":{"confidence_interval":{"confidence_level":0.95,"lower_bound":3260.3439721591535,"upper_bound":3271.8284851051935},"point_estimate":3265.744091776146,"standard_error":2.9207305129394308},"std_dev":{"confidence_interval":{"confidence_level":0.95,"lower_bound":27.053933285337035,"upper_bound":48.34406927540292},"point_estimate":38.1652627170356,"standard_error":5.4560522868392045}}