{"mean":{"confidence_interval":{"confidence_level":0.95,"lower_bound":14292.242938144263,"upper_bound":14537.173485500134},"point_estimate":14405.5332040925,"standard_error":62.52644814935734},"median":{"confidence_interval":{"confidence_level":0.95,"lower_bound":14173.853820598006,"upper_bound":14255.029354207436},"point_estimate":14204.408322859936,"standard_error":21.993451050037564},"median_abs_dev":{"confidence_interval":{"confidence_level":0.95,"lower_bound":110.12033571425522,"upper_bound":194.85698309710392},"point_estimate":148.6048089623922,"standard_error":21.627526435622787},"slope":{"confidence_interval":{"confidence_level":0.95,"lower_bound":14161.15495674747,"upper_bound":14250.66053880403},"point_estimate":14203.205923705376,"standard_error":22.71743978732391},"std_dev":{"confidence_interval":{"confidence_level":0.95,"lower_bound":393.99993794367987,"upper_bound":819.3747636638286},"point_estimate":626.2114498196569,"standard_error":108.50302497899405}}