{"mean":{"confidence_interval":{"confidence_level":0.95,"lower_bound":15.357117220021149,"upper_bound":15.433233892183999},"point_estimate":15.392196142304128,"standard_error":0.019402209001705337},"median":{"confidence_interval":{"confidence_level":0.95,"lower_bound":15.32257770143325,"upper_bound":15.331142954557766},"point_estimate":15.326162256688061,"standard_error":0.0026282899619802396},"median_abs_dev":{"confidence_interval":{"confidence_level":0.95,"lower_bound":0.01271984072215839,"upper_bound":0.02695708237937115},"point_estimate":0.018020258137114633,"standard_error":0.0035325173458710273},"slope":{"confidence_interval":{"confidence_level":0.95,"lower_bound":15.332662793306824,"upper_bound":15.38911456284464},"point_estimate":15.357072153185054,"standard_error":0.014526007867264554},"std_dev":{"confidence_interval":{"confidence_level":0.95,"lower_bound":0.12706381346517412,"upper_bound":0.2481245632844939},"point_estimate":0.19468766388299147,"standard_error":0.03096393163648082}}