{"mean":{"confidence_interval":{"confidence_level":0.95,"lower_bound":4.9530357122421265,"upper_bound":4.959585785865784},"point_estimate":4.956310749053955,"standard_error":0.0023208807157945616},"median":{"confidence_interval":{"confidence_level":0.95,"lower_bound":4.9530357122421265,"upper_bound":4.959585785865784},"point_estimate":4.956310749053955,"standard_error":0.0023208807157945616},"median_abs_dev":{"confidence_interval":{"confidence_level":0.95,"lower_bound":0.0,"upper_bound":0.004855569491013512},"point_estimate":0.004855569491013512,"standard_error":0.002427773383335575},"slope":{"confidence_interval":{"confidence_level":0.95,"lower_bound":4.9530357122421265,"upper_bound":4.959585785865784},"point_estimate":4.954345726966858,"standard_error":0.002514993499140717},"std_dev":{"confidence_interval":{"confidence_level":0.95,"lower_bound":0.0,"upper_bound":0.004631601476559167},"point_estimate":0.004631601476559167,"standard_error":0.0023157899001990286}}