{"mean":{"confidence_interval":{"confidence_level":0.95,"lower_bound":4.321759939193726,"upper_bound":4.542064666748047},"point_estimate":4.431912302970886,"standard_error":0.07791615156655228},"median":{"confidence_interval":{"confidence_level":0.95,"lower_bound":4.321759939193726,"upper_bound":4.542064666748047},"point_estimate":4.431912302970886,"standard_error":0.07791615156655228},"median_abs_dev":{"confidence_interval":{"confidence_level":0.95,"lower_bound":0.0,"upper_bound":0.16331189163665272},"point_estimate":0.16331189163665272,"standard_error":0.08165633522219655},"slope":{"confidence_interval":{"confidence_level":0.95,"lower_bound":4.321759939193726,"upper_bound":4.542064666748047},"point_estimate":4.36582088470459,"standard_error":0.08457910553212673},"std_dev":{"confidence_interval":{"confidence_level":0.95,"lower_bound":0.0,"upper_bound":0.15577896678111544},"point_estimate":0.15577896678111544,"standard_error":0.07788985483274334}}