{"mean":{"confidence_interval":{"confidence_level":0.95,"lower_bound":840.6501577722828,"upper_bound":842.7120690998955},"point_estimate":841.5555557291216,"standard_error":0.5294958392811437},"median":{"confidence_interval":{"confidence_level":0.95,"lower_bound":840.065173664429,"upper_bound":841.2202458827151},"point_estimate":840.5733026541095,"standard_error":0.3389534845834586},"median_abs_dev":{"confidence_interval":{"confidence_level":0.95,"lower_bound":1.5075259245550756,"upper_bound":2.5906434682347244},"point_estimate":2.010465190203379,"standard_error":0.27255599803313935},"slope":{"confidence_interval":{"confidence_level":0.95,"lower_bound":840.3403643633952,"upper_bound":841.2667620945257},"point_estimate":840.7868410077309,"standard_error":0.23670200676115824},"std_dev":{"confidence_interval":{"confidence_level":0.95,"lower_bound":2.6923567196156104,"upper_bound":7.991247449679393},"point_estimate":5.307033880323389,"standard_error":1.5602818971690406}}