{"mean":{"confidence_interval":{"confidence_level":0.95,"lower_bound":2171.199453427524,"upper_bound":2179.080045868656},"point_estimate":2174.724305048566,"standard_error":2.0197821918835768},"median":{"confidence_interval":{"confidence_level":0.95,"lower_bound":2168.3384398306794,"upper_bound":2174.700814354314},"point_estimate":2171.779111951092,"standard_error":1.716789175512973},"median_abs_dev":{"confidence_interval":{"confidence_level":0.95,"lower_bound":8.991786511104547,"upper_bound":14.132515915192698},"point_estimate":11.56301464586646,"standard_error":1.3386156831943108},"slope":{"confidence_interval":{"confidence_level":0.95,"lower_bound":2171.580983418781,"upper_bound":2176.4098211674313},"point_estimate":2174.0295975611393,"standard_error":1.2338462946061848},"std_dev":{"confidence_interval":{"confidence_level":0.95,"lower_bound":10.218831731779774,"upper_bound":29.187568582729174},"point_estimate":20.30298392447717,"standard_error":5.064713952437206}}