{"mean":{"confidence_interval":{"confidence_level":0.95,"lower_bound":7585.513721030075,"upper_bound":7626.201985862599},"point_estimate":7602.24531990822,"standard_error":10.647346426670964},"median":{"confidence_interval":{"confidence_level":0.95,"lower_bound":7573.623576455799,"upper_bound":7583.788101559907},"point_estimate":7577.527183845373,"standard_error":2.4353202190384367},"median_abs_dev":{"confidence_interval":{"confidence_level":0.95,"lower_bound":13.478804013586032,"upper_bound":23.51684952815873},"point_estimate":18.94981921423561,"standard_error":2.7044491528944987},"slope":{"confidence_interval":{"confidence_level":0.95,"lower_bound":7577.89698226053,"upper_bound":7606.222423676772},"point_estimate":7590.2966013331425,"standard_error":7.28295594479013},"std_dev":{"confidence_interval":{"confidence_level":0.95,"lower_bound":36.198433966142055,"upper_bound":170.6155673150867},"point_estimate":106.94269121335964,"standard_error":40.50091383481546}}