{"mean":{"confidence_interval":{"confidence_level":0.95,"lower_bound":35696.245634633284,"upper_bound":35842.1047294589},"point_estimate":35762.439668276435,"standard_error":37.347900236843614},"median":{"confidence_interval":{"confidence_level":0.95,"lower_bound":35636.230693089106,"upper_bound":35661.59353741496},"point_estimate":35648.57352941176,"standard_error":6.514687519091825},"median_abs_dev":{"confidence_interval":{"confidence_level":0.95,"lower_bound":40.15411441202672,"upper_bound":81.40902491700108},"point_estimate":61.745724906190695,"standard_error":10.112564501700566},"slope":{"confidence_interval":{"confidence_level":0.95,"lower_bound":35662.49023582252,"upper_bound":35767.49347350007},"point_estimate":35706.78846882982,"standard_error":27.317656649857895},"std_dev":{"confidence_interval":{"confidence_level":0.95,"lower_bound":202.61201112058106,"upper_bound":509.048699179807},"point_estimate":374.2487849487748,"standard_error":77.73945665807007}}