{"mean":{"confidence_interval":{"confidence_level":0.95,"lower_bound":77.60537202094667,"upper_bound":78.05018813413261},"point_estimate":77.81277436647581,"standard_error":0.11319395312035548},"median":{"confidence_interval":{"confidence_level":0.95,"lower_bound":77.64911277243425,"upper_bound":77.8419095324833},"point_estimate":77.7226981142458,"standard_error":0.05063390522814212},"median_abs_dev":{"confidence_interval":{"confidence_level":0.95,"lower_bound":0.33143718146308837,"upper_bound":0.7611717602209964},"point_estimate":0.4993375813450284,"standard_error":0.10287931297694672},"slope":{"confidence_interval":{"confidence_level":0.95,"lower_bound":77.44507400955086,"upper_bound":77.82896448153757},"point_estimate":77.62543198900266,"standard_error":0.09788049503858187},"std_dev":{"confidence_interval":{"confidence_level":0.95,"lower_bound":0.7504769823947667,"upper_bound":1.4844790087648252},"point_estimate":1.1394993246119303,"standard_error":0.1874327578664551}}