{"mean":{"confidence_interval":{"confidence_level":0.95,"lower_bound":260.29204127115514,"upper_bound":261.0417650308385},"point_estimate":260.63279903930885,"standard_error":0.1918569605136211},"median":{"confidence_interval":{"confidence_level":0.95,"lower_bound":259.9681209674822,"upper_bound":260.3654403831496},"point_estimate":260.1323778299153,"standard_error":0.10703777577942927},"median_abs_dev":{"confidence_interval":{"confidence_level":0.95,"lower_bound":0.5637250290347793,"upper_bound":1.0400464170835562},"point_estimate":0.7523116704777968,"standard_error":0.12265711074230017},"slope":{"confidence_interval":{"confidence_level":0.95,"lower_bound":260.2101950990718,"upper_bound":260.65765744239366},"point_estimate":260.42176419323687,"standard_error":0.1147670579279626},"std_dev":{"confidence_interval":{"confidence_level":0.95,"lower_bound":1.0176789646899826,"upper_bound":2.7192155843511427},"point_estimate":1.9286894293422705,"standard_error":0.4427666760607328}}