{"mean":{"confidence_interval":{"confidence_level":0.95,"lower_bound":1252.9170578965686,"upper_bound":1261.4455755160925},"point_estimate":1256.8102278443191,"standard_error":2.1828547134361593},"median":{"confidence_interval":{"confidence_level":0.95,"lower_bound":1250.800247635286,"upper_bound":1254.9508319204574},"point_estimate":1252.4953916580507,"standard_error":1.1649595207306622},"median_abs_dev":{"confidence_interval":{"confidence_level":0.95,"lower_bound":5.440056664739114,"upper_bound":10.442043903414554},"point_estimate":7.483111199804897,"standard_error":1.3118558114106884},"slope":{"confidence_interval":{"confidence_level":0.95,"lower_bound":1249.0766100644353,"upper_bound":1254.802336441282},"point_estimate":1251.663398461845,"standard_error":1.457863590901774},"std_dev":{"confidence_interval":{"confidence_level":0.95,"lower_bound":11.250259609775098,"upper_bound":30.28338733416118},"point_estimate":21.9668480220204,"standard_error":4.723922621300199}}