{"mean":{"confidence_interval":{"confidence_level":0.95,"lower_bound":64.76321220397949,"upper_bound":66.69721603393555},"point_estimate":65.73021411895752,"standard_error":0.6844873298096258},"median":{"confidence_interval":{"confidence_level":0.95,"lower_bound":64.76321220397949,"upper_bound":66.69721603393555},"point_estimate":65.73021411895752,"standard_error":0.6844873298096258},"median_abs_dev":{"confidence_interval":{"confidence_level":0.95,"lower_bound":0.0,"upper_bound":1.4336770136935684},"point_estimate":1.4336770136935684,"standard_error":0.7168405403919482},"slope":{"confidence_interval":{"confidence_level":0.95,"lower_bound":64.76321220397949,"upper_bound":66.69721603393555},"point_estimate":65.1500129699707,"standard_error":0.7407096173859272},"std_dev":{"confidence_interval":{"confidence_level":0.95,"lower_bound":0.0,"upper_bound":1.3675472230026808},"point_estimate":1.3675472230026808,"standard_error":0.6837755512468532}}