{"mean":{"confidence_interval":{"confidence_level":0.95,"lower_bound":656.5261535644531,"upper_bound":661.5511627197266},"point_estimate":659.0386581420898,"standard_error":1.7820786779653275},"median":{"confidence_interval":{"confidence_level":0.95,"lower_bound":656.5261535644531,"upper_bound":661.5511627197266},"point_estimate":659.0386581420898,"standard_error":1.7820786779653275},"median_abs_dev":{"confidence_interval":{"confidence_level":0.95,"lower_bound":0.0,"upper_bound":3.7250392206715333},"point_estimate":3.7250392206715333,"standard_error":1.8624935852797042},"slope":{"confidence_interval":{"confidence_level":0.95,"lower_bound":656.5261535644531,"upper_bound":661.5511627197266},"point_estimate":657.5311553955078,"standard_error":1.9301058406062472},"std_dev":{"confidence_interval":{"confidence_level":0.95,"lower_bound":0.0,"upper_bound":3.5532180492183327},"point_estimate":3.5532180492183327,"standard_error":1.7765841999858303}}