{"mean":{"confidence_interval":{"confidence_level":0.95,"lower_bound":91.85189701335665,"upper_bound":92.34689502533476},"point_estimate":92.07899492489793,"standard_error":0.12672618363005986},"median":{"confidence_interval":{"confidence_level":0.95,"lower_bound":91.68344268371791,"upper_bound":91.86343557903191},"point_estimate":91.76636426170842,"standard_error":0.04758677895057907},"median_abs_dev":{"confidence_interval":{"confidence_level":0.95,"lower_bound":0.23850323115704083,"upper_bound":0.4848653165186331},"point_estimate":0.30390846604316274,"standard_error":0.06353325532235736},"slope":{"confidence_interval":{"confidence_level":0.95,"lower_bound":91.72755728011627,"upper_bound":91.89998432530608},"point_estimate":91.80925772188337,"standard_error":0.04402298972669477},"std_dev":{"confidence_interval":{"confidence_level":0.95,"lower_bound":0.7765792398878536,"upper_bound":1.733220305968272},"point_estimate":1.2717422808527523,"standard_error":0.24800300712971296}}