{"mean":{"confidence_interval":{"confidence_level":0.95,"lower_bound":42922.412109375,"upper_bound":43387.109375},"point_estimate":43154.7607421875,"standard_error":164.5456556695691},"median":{"confidence_interval":{"confidence_level":0.95,"lower_bound":42922.412109375,"upper_bound":43387.109375},"point_estimate":43154.7607421875,"standard_error":164.5456556695691},"median_abs_dev":{"confidence_interval":{"confidence_level":0.95,"lower_bound":0.0,"upper_bound":344.4800768920686},"point_estimate":344.4800768920686,"standard_error":172.2401037602363},"slope":{"confidence_interval":{"confidence_level":0.95,"lower_bound":42922.412109375,"upper_bound":43387.109375},"point_estimate":43015.3515625,"standard_error":179.1971275392402},"std_dev":{"confidence_interval":{"confidence_level":0.95,"lower_bound":0.0,"upper_bound":328.59058772228383},"point_estimate":328.59058772228383,"standard_error":164.29535616252295}}