{"mean":{"confidence_interval":{"confidence_level":0.95,"lower_bound":1333.416748046875,"upper_bound":1336.8888854980469},"point_estimate":1335.152816772461,"standard_error":1.227515831811671},"median":{"confidence_interval":{"confidence_level":0.95,"lower_bound":1333.416748046875,"upper_bound":1336.8888854980469},"point_estimate":1335.152816772461,"standard_error":1.227515831811671},"median_abs_dev":{"confidence_interval":{"confidence_level":0.95,"lower_bound":0.0,"upper_bound":2.5738954468579323},"point_estimate":2.5738954468579323,"standard_error":1.286954148949865},"slope":{"confidence_interval":{"confidence_level":0.95,"lower_bound":1333.416748046875,"upper_bound":1336.8888854980469},"point_estimate":1336.1944580078125,"standard_error":1.338066242416581},"std_dev":{"confidence_interval":{"confidence_level":0.95,"lower_bound":0.0,"upper_bound":2.455171936935408},"point_estimate":2.455171936935408,"standard_error":1.2275920976041619}}