{"mean":{"confidence_interval":{"confidence_level":0.95,"lower_bound":96.95846059250529,"upper_bound":97.36249727962594},"point_estimate":97.14016569374292,"standard_error":0.1033784156242643},"median":{"confidence_interval":{"confidence_level":0.95,"lower_bound":96.84607605823737,"upper_bound":96.93934164791114},"point_estimate":96.89763154041225,"standard_error":0.024490494213262184},"median_abs_dev":{"confidence_interval":{"confidence_level":0.95,"lower_bound":0.1751244304036178,"upper_bound":0.28974338427835633},"point_estimate":0.25496771750467623,"standard_error":0.029193121748644},"slope":{"confidence_interval":{"confidence_level":0.95,"lower_bound":96.84216754218575,"upper_bound":97.21573010256033},"point_estimate":96.98427511629109,"standard_error":0.10124378644864912},"std_dev":{"confidence_interval":{"confidence_level":0.95,"lower_bound":0.5411242818877827,"upper_bound":1.4401599975740058},"point_estimate":1.0354384337272697,"standard_error":0.22901306522581233}}