{"mean":{"confidence_interval":{"confidence_level":0.95,"lower_bound":4696.818905658436,"upper_bound":4716.829791741865},"point_estimate":4705.525610019507,"standard_error":5.139258810045149},"median":{"confidence_interval":{"confidence_level":0.95,"lower_bound":4694.293838862559,"upper_bound":4704.650283775086},"point_estimate":4699.640452697278,"standard_error":2.722003289924344},"median_abs_dev":{"confidence_interval":{"confidence_level":0.95,"lower_bound":14.835703322785713,"upper_bound":27.053524650864464},"point_estimate":20.05874685882901,"standard_error":3.108183759974631},"slope":{"confidence_interval":{"confidence_level":0.95,"lower_bound":4699.38592041937,"upper_bound":4709.35644700655},"point_estimate":4704.305745809921,"standard_error":2.5418183325928903},"std_dev":{"confidence_interval":{"confidence_level":0.95,"lower_bound":25.617158958320186,"upper_bound":78.48254644365198},"point_estimate":51.56889775125627,"standard_error":16.05936507458765}}