{"mean":{"confidence_interval":{"confidence_level":0.95,"lower_bound":403.91647215252215,"upper_bound":405.4365049443985},"point_estimate":404.61022012219803,"standard_error":0.3888569891267857},"median":{"confidence_interval":{"confidence_level":0.95,"lower_bound":403.5572548293526,"upper_bound":404.61774157049103},"point_estimate":404.0665361264669,"standard_error":0.23529084011873558},"median_abs_dev":{"confidence_interval":{"confidence_level":0.95,"lower_bound":1.522356987399088,"upper_bound":2.5400005878371807},"point_estimate":2.0399464584085467,"standard_error":0.26167320405205047},"slope":{"confidence_interval":{"confidence_level":0.95,"lower_bound":403.60417052217014,"upper_bound":404.4820924799562},"point_estimate":404.0332440858762,"standard_error":0.22425505079643487},"std_dev":{"confidence_interval":{"confidence_level":0.95,"lower_bound":2.113889786080062,"upper_bound":5.434052718294327},"point_estimate":3.891097657981831,"standard_error":0.8444814214981284}}