{"mean":{"confidence_interval":{"confidence_level":0.95,"lower_bound":582.170524597168,"upper_bound":583.2280578613281},"point_estimate":582.699291229248,"standard_error":0.3743944530633859},"median":{"confidence_interval":{"confidence_level":0.95,"lower_bound":582.170524597168,"upper_bound":583.2280578613281},"point_estimate":582.699291229248,"standard_error":0.3743944530633859},"median_abs_dev":{"confidence_interval":{"confidence_level":0.95,"lower_bound":0.0,"upper_bound":0.7839493948040399},"point_estimate":0.7839493948040399,"standard_error":0.3919752285329608},"slope":{"confidence_interval":{"confidence_level":0.95,"lower_bound":582.170524597168,"upper_bound":583.2280578613281},"point_estimate":582.38203125,"standard_error":0.4072584939427776},"std_dev":{"confidence_interval":{"confidence_level":0.95,"lower_bound":0.0,"upper_bound":0.747788942417991},"point_estimate":0.747788942417991,"standard_error":0.37389497784069536}}