{"mean":{"confidence_interval":{"confidence_level":0.95,"lower_bound":572.1621664773343,"upper_bound":574.1364495433414},"point_estimate":573.0758014047874,"standard_error":0.5050689123487369},"median":{"confidence_interval":{"confidence_level":0.95,"lower_bound":571.5312066724437,"upper_bound":572.3902619747319},"point_estimate":572.0177663687057,"standard_error":0.2582459098945489},"median_abs_dev":{"confidence_interval":{"confidence_level":0.95,"lower_bound":1.8316465345812543,"upper_bound":3.358029652323833},"point_estimate":2.4603751913176994,"standard_error":0.38759544438363636},"slope":{"confidence_interval":{"confidence_level":0.95,"lower_bound":571.7119137348507,"upper_bound":573.873328911361},"point_estimate":572.6720268093443,"standard_error":0.5564052902151599},"std_dev":{"confidence_interval":{"confidence_level":0.95,"lower_bound":3.2056423923814483,"upper_bound":6.953375983960104},"point_estimate":5.077165968736668,"standard_error":0.9935963446331345}}