{"mean":{"confidence_interval":{"confidence_level":0.95,"lower_bound":416.800002735098,"upper_bound":418.47424093041667},"point_estimate":417.5871511219378,"standard_error":0.42715397925647053},"median":{"confidence_interval":{"confidence_level":0.95,"lower_bound":416.49958579050826,"upper_bound":417.1063817371114},"point_estimate":416.7840984481756,"standard_error":0.14029190308069786},"median_abs_dev":{"confidence_interval":{"confidence_level":0.95,"lower_bound":1.4550201117089174,"upper_bound":2.474955068009374},"point_estimate":1.8486434212659528,"standard_error":0.2574911421724955},"slope":{"confidence_interval":{"confidence_level":0.95,"lower_bound":416.65372825974623,"upper_bound":417.33516445118676},"point_estimate":416.98360533407765,"standard_error":0.17400613328248118},"std_dev":{"confidence_interval":{"confidence_level":0.95,"lower_bound":2.945737293230743,"upper_bound":5.395030291672731},"point_estimate":4.275670050243001,"standard_error":0.625136531961384}}