{"mean":{"confidence_interval":{"confidence_level":0.95,"lower_bound":28.477508336587732,"upper_bound":28.602228723904755},"point_estimate":28.534975021752654,"standard_error":0.03201853032842223},"median":{"confidence_interval":{"confidence_level":0.95,"lower_bound":28.441907058181922,"upper_bound":28.49294597715087},"point_estimate":28.47626673076787,"standard_error":0.012162364106592542},"median_abs_dev":{"confidence_interval":{"confidence_level":0.95,"lower_bound":0.08391487986740498,"upper_bound":0.13078825810010739},"point_estimate":0.10822352166144376,"standard_error":0.01215941915398475},"slope":{"confidence_interval":{"confidence_level":0.95,"lower_bound":28.457642637282635,"upper_bound":28.557308948254352},"point_estimate":28.503926409899055,"standard_error":0.025430049091781374},"std_dev":{"confidence_interval":{"confidence_level":0.95,"lower_bound":0.19379819092741984,"upper_bound":0.4240105328947317},"point_estimate":0.3217427746561918,"standard_error":0.05853014223516509}}