{"mean":{"confidence_interval":{"confidence_level":0.95,"lower_bound":2.6525916298141348,"upper_bound":2.6648540285912024},"point_estimate":2.6581448276130817,"standard_error":0.0031542947788285687},"median":{"confidence_interval":{"confidence_level":0.95,"lower_bound":2.6492173495598346,"upper_bound":2.652127822330823},"point_estimate":2.650535437553141,"standard_error":0.0006780725983092299},"median_abs_dev":{"confidence_interval":{"confidence_level":0.95,"lower_bound":0.006753475356812178,"upper_bound":0.011239261130490766},"point_estimate":0.009101328055779123,"standard_error":0.0011159874719897142},"slope":{"confidence_interval":{"confidence_level":0.95,"lower_bound":2.650589661218469,"upper_bound":2.654944973831231},"point_estimate":2.6526247545216264,"standard_error":0.0011089871823180605},"std_dev":{"confidence_interval":{"confidence_level":0.95,"lower_bound":0.01634761506279785,"upper_bound":0.04406026447554319},"point_estimate":0.03172120475002596,"standard_error":0.007073523214668852}}