{"mean":{"confidence_interval":{"confidence_level":0.95,"lower_bound":492.78521301369545,"upper_bound":495.2202130276332},"point_estimate":493.9587452520744,"standard_error":0.6206297294773452},"median":{"confidence_interval":{"confidence_level":0.95,"lower_bound":492.4039161573199,"upper_bound":494.38129742878186},"point_estimate":493.2331153741609,"standard_error":0.46599324325776353},"median_abs_dev":{"confidence_interval":{"confidence_level":0.95,"lower_bound":2.914425406453953,"upper_bound":5.6936954521765495},"point_estimate":4.315801584528986,"standard_error":0.7362618351508392},"slope":{"confidence_interval":{"confidence_level":0.95,"lower_bound":491.85041248374864,"upper_bound":493.53550311792407},"point_estimate":492.6910560843214,"standard_error":0.430484954628844},"std_dev":{"confidence_interval":{"confidence_level":0.95,"lower_bound":4.7117687473999155,"upper_bound":7.564857434682165},"point_estimate":6.226200794639829,"standard_error":0.7292193204720797}}