{"mean":{"confidence_interval":{"confidence_level":0.95,"lower_bound":651.9988970025006,"upper_bound":655.8185935491022},"point_estimate":653.7585585268013,"standard_error":0.9768466683993298},"median":{"confidence_interval":{"confidence_level":0.95,"lower_bound":650.6200342611262,"upper_bound":652.8348011155144},"point_estimate":651.9527229008654,"standard_error":0.5766934209804565},"median_abs_dev":{"confidence_interval":{"confidence_level":0.95,"lower_bound":3.3449532016729298,"upper_bound":5.975092842785259},"point_estimate":4.485926503023301,"standard_error":0.6539582941239488},"slope":{"confidence_interval":{"confidence_level":0.95,"lower_bound":651.2788208930355,"upper_bound":656.4969423138813},"point_estimate":653.3927355401602,"standard_error":1.3722586414343485},"std_dev":{"confidence_interval":{"confidence_level":0.95,"lower_bound":5.962750830337247,"upper_bound":13.090382902022268},"point_estimate":9.767407838205376,"standard_error":1.8326244160504495}}