{"mean":{"confidence_interval":{"confidence_level":0.95,"lower_bound":7767250.064535714,"upper_bound":7777599.243714285},"point_estimate":7771848.520000002,"standard_error":2643.016208948862},"median":{"confidence_interval":{"confidence_level":0.95,"lower_bound":7762722.357142857,"upper_bound":7774085.5},"point_estimate":7766786.428571429,"standard_error":2983.1639224244864},"median_abs_dev":{"confidence_interval":{"confidence_level":0.95,"lower_bound":13776.636655416201,"upper_bound":21358.12342081771},"point_estimate":17883.4385825052,"standard_error":1968.6157095641402},"slope":null,"std_dev":{"confidence_interval":{"confidence_level":0.95,"lower_bound":14983.819978434622,"upper_bound":39581.96732348549},"point_estimate":26623.996755310174,"standard_error":7582.018656200668}}