{"mean":{"confidence_interval":{"confidence_level":0.95,"lower_bound":9248.021222933918,"upper_bound":9290.101263401439},"point_estimate":9265.874263460153,"standard_error":10.866481888936729},"median":{"confidence_interval":{"confidence_level":0.95,"lower_bound":9237.351416035102,"upper_bound":9257.922018348623},"point_estimate":9247.313555045872,"standard_error":5.581403672145937},"median_abs_dev":{"confidence_interval":{"confidence_level":0.95,"lower_bound":27.812462302640593,"upper_bound":49.58611114557824},"point_estimate":38.86292769631846,"standard_error":5.650836496054156},"slope":{"confidence_interval":{"confidence_level":0.95,"lower_bound":9222.534957535494,"upper_bound":9243.06593725717},"point_estimate":9231.890184421702,"standard_error":5.238643252612546},"std_dev":{"confidence_interval":{"confidence_level":0.95,"lower_bound":42.03338599811111,"upper_bound":170.73893595306106},"point_estimate":109.2409335939773,"standard_error":37.54084352367857}}