{"mean":{"confidence_interval":{"confidence_level":0.95,"lower_bound":838.3084916893587,"upper_bound":842.6993000993477},"point_estimate":840.3520832750846,"standard_error":1.1287269651799543},"median":{"confidence_interval":{"confidence_level":0.95,"lower_bound":836.3279374408527,"upper_bound":840.568929276975},"point_estimate":838.898232276749,"standard_error":1.187225735556054},"median_abs_dev":{"confidence_interval":{"confidence_level":0.95,"lower_bound":5.1430370706594815,"upper_bound":8.121192893544283},"point_estimate":6.566197671356516,"standard_error":0.7640433791076854},"slope":{"confidence_interval":{"confidence_level":0.95,"lower_bound":837.6665118393278,"upper_bound":839.7534097913995},"point_estimate":838.7177272631152,"standard_error":0.5317188385351626},"std_dev":{"confidence_interval":{"confidence_level":0.95,"lower_bound":6.985107970697182,"upper_bound":15.789808629384881},"point_estimate":11.369783502493117,"standard_error":2.340658665184121}}