{"mean":{"confidence_interval":{"confidence_level":0.95,"lower_bound":1166.2172422814124,"upper_bound":1172.5248157079022},"point_estimate":1169.0648496540443,"standard_error":1.6162886352435972},"median":{"confidence_interval":{"confidence_level":0.95,"lower_bound":1164.3199268848361,"upper_bound":1168.2337214646852},"point_estimate":1166.8642335211587,"standard_error":1.0514869643649654},"median_abs_dev":{"confidence_interval":{"confidence_level":0.95,"lower_bound":6.156938436842155,"upper_bound":11.044662566768723},"point_estimate":7.985468202063446,"standard_error":1.2495384291661857},"slope":{"confidence_interval":{"confidence_level":0.95,"lower_bound":1163.850912371199,"upper_bound":1167.1379242745495},"point_estimate":1165.4494553903012,"standard_error":0.8389120644505706},"std_dev":{"confidence_interval":{"confidence_level":0.95,"lower_bound":8.919915137555359,"upper_bound":23.593319374526267},"point_estimate":16.220941751041376,"standard_error":4.036547995178466}}