{"mean":{"confidence_interval":{"confidence_level":0.95,"lower_bound":136084.74103742847,"upper_bound":136534.43450539865},"point_estimate":136294.15057621303,"standard_error":115.13945117785792},"median":{"confidence_interval":{"confidence_level":0.95,"lower_bound":135841.29213483146,"upper_bound":136034.45973440545},"point_estimate":135963.13547237078,"standard_error":47.983205882866436},"median_abs_dev":{"confidence_interval":{"confidence_level":0.95,"lower_bound":313.417578772082,"upper_bound":545.6622652729394},"point_estimate":408.4167363777384,"standard_error":57.26415365479967},"slope":{"confidence_interval":{"confidence_level":0.95,"lower_bound":136056.18657286395,"upper_bound":136624.26529263472},"point_estimate":136323.8748167578,"standard_error":145.34389274344},"std_dev":{"confidence_interval":{"confidence_level":0.95,"lower_bound":755.8093561041618,"upper_bound":1548.7859679762773},"point_estimate":1160.8469454445062,"standard_error":205.83320169615234}}