{"mean":{"confidence_interval":{"confidence_level":0.95,"lower_bound":7.047249794006348,"upper_bound":7.11747670173645},"point_estimate":7.082363247871399,"standard_error":0.02477673896896012},"median":{"confidence_interval":{"confidence_level":0.95,"lower_bound":7.047249794006348,"upper_bound":7.11747670173645},"point_estimate":7.082363247871399,"standard_error":0.02477673896896012},"median_abs_dev":{"confidence_interval":{"confidence_level":0.95,"lower_bound":0.0,"upper_bound":0.05205920577608936},"point_estimate":0.05205920577608936,"standard_error":0.026029503453789446},"slope":{"confidence_interval":{"confidence_level":0.95,"lower_bound":7.047249794006348,"upper_bound":7.11747670173645},"point_estimate":7.103431320190429,"standard_error":0.026922061987907125},"std_dev":{"confidence_interval":{"confidence_level":0.95,"lower_bound":0.0,"upper_bound":0.04965792267771748},"point_estimate":0.04965792267771748,"standard_error":0.024828866491107028}}