{"mean":{"confidence_interval":{"confidence_level":0.95,"lower_bound":33.54043333393609,"upper_bound":33.717022686357545},"point_estimate":33.61881865974296,"standard_error":0.04535598646985847},"median":{"confidence_interval":{"confidence_level":0.95,"lower_bound":33.60039825719927,"upper_bound":33.65668357807678},"point_estimate":33.63057766600643,"standard_error":0.014798812018667422},"median_abs_dev":{"confidence_interval":{"confidence_level":0.95,"lower_bound":0.08180240724778909,"upper_bound":0.21923293749461306},"point_estimate":0.12235482544126945,"standard_error":0.03696224840041867},"slope":{"confidence_interval":{"confidence_level":0.95,"lower_bound":33.454649386387075,"upper_bound":33.72855988852467},"point_estimate":33.56320701443815,"standard_error":0.07179642055225638},"std_dev":{"confidence_interval":{"confidence_level":0.95,"lower_bound":0.2337177361356802,"upper_bound":0.6815559228857694},"point_estimate":0.4565142923467753,"standard_error":0.128508170043549}}