{"mean":{"confidence_interval":{"confidence_level":0.95,"lower_bound":3.9959048603450658,"upper_bound":4.012921995383766},"point_estimate":4.0037444219132095,"standard_error":0.004344369629682821},"median":{"confidence_interval":{"confidence_level":0.95,"lower_bound":3.988456222715705,"upper_bound":3.99683379601007},"point_estimate":3.9929563985142775,"standard_error":0.001955748084112247},"median_abs_dev":{"confidence_interval":{"confidence_level":0.95,"lower_bound":0.01146730643897688,"upper_bound":0.01872837642541505},"point_estimate":0.014655294526361155,"standard_error":0.0018660113056357893},"slope":{"confidence_interval":{"confidence_level":0.95,"lower_bound":3.991048593104758,"upper_bound":3.9962196307163453},"point_estimate":3.9935877857700723,"standard_error":0.0013165518510675032},"std_dev":{"confidence_interval":{"confidence_level":0.95,"lower_bound":0.026278880373617416,"upper_bound":0.05919360265981517},"point_estimate":0.043692458284855906,"standard_error":0.008466152942391154}}