{"mean":{"confidence_interval":{"confidence_level":0.95,"lower_bound":337.74577443630477,"upper_bound":341.6934556465457},"point_estimate":339.6095369995705,"standard_error":1.0065856300612948},"median":{"confidence_interval":{"confidence_level":0.95,"lower_bound":335.90395879356896,"upper_bound":340.82487729067907},"point_estimate":338.1115280372536,"standard_error":1.3719802609445406},"median_abs_dev":{"confidence_interval":{"confidence_level":0.95,"lower_bound":6.623279613771999,"upper_bound":10.377658906317079},"point_estimate":8.852769607947991,"standard_error":1.0017896629889427},"slope":{"confidence_interval":{"confidence_level":0.95,"lower_bound":337.1842314219267,"upper_bound":340.0945023353103},"point_estimate":338.6102671698159,"standard_error":0.742969925494934},"std_dev":{"confidence_interval":{"confidence_level":0.95,"lower_bound":7.231660710609883,"upper_bound":13.01181378742292},"point_estimate":10.090704579165518,"standard_error":1.507967032966506}}