{"mean":{"confidence_interval":{"confidence_level":0.95,"lower_bound":719.6810565067232,"upper_bound":722.688786911115},"point_estimate":721.1526887699899,"standard_error":0.7665472301049847},"median":{"confidence_interval":{"confidence_level":0.95,"lower_bound":718.2227463312369,"upper_bound":721.4854700854701},"point_estimate":719.233716313168,"standard_error":0.7598735909273371},"median_abs_dev":{"confidence_interval":{"confidence_level":0.95,"lower_bound":3.8037426178249363,"upper_bound":7.320935243858185},"point_estimate":5.166404306474197,"standard_error":0.9590739912720813},"slope":{"confidence_interval":{"confidence_level":0.95,"lower_bound":719.0383875710127,"upper_bound":720.9217964438362},"point_estimate":719.9229760686572,"standard_error":0.4796073098630243},"std_dev":{"confidence_interval":{"confidence_level":0.95,"lower_bound":6.205787597562742,"upper_bound":9.022547196867578},"point_estimate":7.697152555745206,"standard_error":0.7195971200505842}}