{"mean":{"confidence_interval":{"confidence_level":0.95,"lower_bound":8263.728042949562,"upper_bound":8291.803761545092},"point_estimate":8275.888285425248,"standard_error":7.232814104049549},"median":{"confidence_interval":{"confidence_level":0.95,"lower_bound":8263.462014991183,"upper_bound":8277.533214285715},"point_estimate":8272.614618686868,"standard_error":3.9689669722718013},"median_abs_dev":{"confidence_interval":{"confidence_level":0.95,"lower_bound":24.550484641467957,"upper_bound":41.83145301104765},"point_estimate":33.40196668735851,"standard_error":4.314001500398603},"slope":{"confidence_interval":{"confidence_level":0.95,"lower_bound":8279.300424685334,"upper_bound":8295.302472511421},"point_estimate":8287.08726740062,"standard_error":4.074918274013141},"std_dev":{"confidence_interval":{"confidence_level":0.95,"lower_bound":35.144621260179996,"upper_bound":111.9170003578111},"point_estimate":72.68056151299878,"standard_error":23.628557829481146}}