{"mean":{"confidence_interval":{"confidence_level":0.95,"lower_bound":4282.115132544424,"upper_bound":4299.472563871491},"point_estimate":4290.406288190078,"standard_error":4.429458867047206},"median":{"confidence_interval":{"confidence_level":0.95,"lower_bound":4274.864942528736,"upper_bound":4288.407673478076},"point_estimate":4281.097671321799,"standard_error":3.8362632747598413},"median_abs_dev":{"confidence_interval":{"confidence_level":0.95,"lower_bound":19.44403053092548,"upper_bound":31.651609522811924},"point_estimate":25.027585439292043,"standard_error":3.1588542125287224},"slope":{"confidence_interval":{"confidence_level":0.95,"lower_bound":4279.619611370867,"upper_bound":4294.338323473089},"point_estimate":4286.39673207452,"standard_error":3.7544983328689012},"std_dev":{"confidence_interval":{"confidence_level":0.95,"lower_bound":32.31186273921947,"upper_bound":54.90594980105412},"point_estimate":44.470893845222406,"standard_error":5.76900116524116}}