{"mean":{"confidence_interval":{"confidence_level":0.95,"lower_bound":477.80482122721304,"upper_bound":479.41847219917264},"point_estimate":478.53810841111306,"standard_error":0.4148393848635428},"median":{"confidence_interval":{"confidence_level":0.95,"lower_bound":477.24368530020706,"upper_bound":477.9092826663423},"point_estimate":477.5915715652641,"standard_error":0.16023017690474647},"median_abs_dev":{"confidence_interval":{"confidence_level":0.95,"lower_bound":1.1405838562445645,"upper_bound":2.0256144142204566},"point_estimate":1.6588559532032554,"standard_error":0.21833191017191475},"slope":{"confidence_interval":{"confidence_level":0.95,"lower_bound":477.56711118723456,"upper_bound":479.09589450948323},"point_estimate":478.16552891447486,"standard_error":0.4056186103336419},"std_dev":{"confidence_interval":{"confidence_level":0.95,"lower_bound":2.2213811142837465,"upper_bound":5.800205375386457},"point_estimate":4.176468647926771,"standard_error":0.9144702354403341}}