{"mean":{"confidence_interval":{"confidence_level":0.95,"lower_bound":63962.054089457626,"upper_bound":64238.33216134378},"point_estimate":64068.23396929387,"standard_error":74.26837012569192},"median":{"confidence_interval":{"confidence_level":0.95,"lower_bound":63912.601102941175,"upper_bound":64009.09100877193},"point_estimate":63964.929650415346,"standard_error":24.597487523887086},"median_abs_dev":{"confidence_interval":{"confidence_level":0.95,"lower_bound":130.6273116125797,"upper_bound":216.15894760693675},"point_estimate":177.4737359621182,"standard_error":21.542651098363308},"slope":{"confidence_interval":{"confidence_level":0.95,"lower_bound":63937.647859545905,"upper_bound":64056.92622944602},"point_estimate":63993.235537535096,"standard_error":30.4840661279894},"std_dev":{"confidence_interval":{"confidence_level":0.95,"lower_bound":206.50843933153752,"upper_bound":1235.2625578878067},"point_estimate":745.2744096070722,"standard_error":348.2545317558581}}