{"mean":{"confidence_interval":{"confidence_level":0.95,"lower_bound":287833.59375,"upper_bound":292094.53125},"point_estimate":289964.0625,"standard_error":1503.5782574180942},"median":{"confidence_interval":{"confidence_level":0.95,"lower_bound":287833.59375,"upper_bound":292094.53125},"point_estimate":289964.0625,"standard_error":1503.5782574180942},"median_abs_dev":{"confidence_interval":{"confidence_level":0.95,"lower_bound":0.0,"upper_bound":3158.632912673056},"point_estimate":3158.632912673056,"standard_error":1579.3127088938604},"slope":{"confidence_interval":{"confidence_level":0.95,"lower_bound":287833.59375,"upper_bound":292094.53125},"point_estimate":288685.78125,"standard_error":1636.9524543494038},"std_dev":{"confidence_interval":{"confidence_level":0.95,"lower_bound":0.0,"upper_bound":3012.937800462055},"point_estimate":3012.937800462055,"standard_error":1506.4653256422143}}