{"mean":{"confidence_interval":{"confidence_level":0.95,"lower_bound":222223.64485466652,"upper_bound":222963.97003975298},"point_estimate":222554.4544096584,"standard_error":189.9722418485215},"median":{"confidence_interval":{"confidence_level":0.95,"lower_bound":222060.18431372548,"upper_bound":222377.55549402506},"point_estimate":222230.35294117645,"standard_error":80.64395644707827},"median_abs_dev":{"confidence_interval":{"confidence_level":0.95,"lower_bound":562.505173612208,"upper_bound":1226.0830352480514},"point_estimate":905.4401877295743,"standard_error":186.82314558556433},"slope":{"confidence_interval":{"confidence_level":0.95,"lower_bound":222131.2512706086,"upper_bound":222538.33389385624},"point_estimate":222335.71676429734,"standard_error":103.62061873262749},"std_dev":{"confidence_interval":{"confidence_level":0.95,"lower_bound":1062.7027168341667,"upper_bound":2825.8289263525157},"point_estimate":1910.3224372110487,"standard_error":525.5331970332343}}