{"mean":{"confidence_interval":{"confidence_level":0.95,"lower_bound":5.667245388031006,"upper_bound":5.667459964752197},"point_estimate":5.667352676391602,"standard_error":0.00007609642291211006},"median":{"confidence_interval":{"confidence_level":0.95,"lower_bound":5.667245388031006,"upper_bound":5.667459964752197},"point_estimate":5.667352676391602,"standard_error":0.00007609642291211006},"median_abs_dev":{"confidence_interval":{"confidence_level":0.95,"lower_bound":0.0,"upper_bound":0.0001590657205952084},"point_estimate":0.0001590657205952084,"standard_error":0.00007953176851565238},"slope":{"confidence_interval":{"confidence_level":0.95,"lower_bound":5.667245388031006,"upper_bound":5.667459964752197},"point_estimate":5.667417049407959,"standard_error":0.0000823944513423679},"std_dev":{"confidence_interval":{"confidence_level":0.95,"lower_bound":0.0,"upper_bound":0.00015172865463921852},"point_estimate":0.00015172865463921852,"standard_error":0.0000758632858972331}}