{"mean":{"confidence_interval":{"confidence_level":0.95,"lower_bound":8351.730812307656,"upper_bound":8397.14256975657},"point_estimate":8372.39484926693,"standard_error":11.643955861680675},"median":{"confidence_interval":{"confidence_level":0.95,"lower_bound":8325.587735094037,"upper_bound":8358.944423223835},"point_estimate":8340.22441284206,"standard_error":7.339644687889602},"median_abs_dev":{"confidence_interval":{"confidence_level":0.95,"lower_bound":41.24840523408211,"upper_bound":71.73148470401124},"point_estimate":55.68902325210337,"standard_error":7.145292333062434},"slope":{"confidence_interval":{"confidence_level":0.95,"lower_bound":8344.346403349238,"upper_bound":8388.54324500988},"point_estimate":8364.882118039472,"standard_error":11.301679849544051},"std_dev":{"confidence_interval":{"confidence_level":0.95,"lower_bound":68.96841381892051,"upper_bound":163.85573207709032},"point_estimate":116.82159738890259,"standard_error":25.111231142002747}}