{"mean":{"confidence_interval":{"confidence_level":0.95,"lower_bound":2830.8731404760274,"upper_bound":2841.38667524997},"point_estimate":2835.565227250406,"standard_error":2.6877259208769706},"median":{"confidence_interval":{"confidence_level":0.95,"lower_bound":2828.9405957592926,"upper_bound":2834.839017941454},"point_estimate":2831.344123780296,"standard_error":1.3871240018739401},"median_abs_dev":{"confidence_interval":{"confidence_level":0.95,"lower_bound":10.722003800777346,"upper_bound":17.684828852697905},"point_estimate":14.113694930154914,"standard_error":1.737054835456422},"slope":{"confidence_interval":{"confidence_level":0.95,"lower_bound":2832.6766335978155,"upper_bound":2839.252472182785},"point_estimate":2835.999693747904,"standard_error":1.677307044165124},"std_dev":{"confidence_interval":{"confidence_level":0.95,"lower_bound":14.631827876649664,"upper_bound":39.76068985403368},"point_estimate":27.02156499226539,"standard_error":7.069790073748629}}