{"mean":{"confidence_interval":{"confidence_level":0.95,"lower_bound":146151.8938403538,"upper_bound":147870.69852174236},"point_estimate":146960.9173900372,"standard_error":437.14182008933744},"median":{"confidence_interval":{"confidence_level":0.95,"lower_bound":146440.39408866997,"upper_bound":148248.38343732274},"point_estimate":147693.57606679035,"standard_error":562.6962451272506},"median_abs_dev":{"confidence_interval":{"confidence_level":0.95,"lower_bound":2537.5675456468693,"upper_bound":5281.185330705631},"point_estimate":3925.3916167122043,"standard_error":775.6996713986528},"slope":{"confidence_interval":{"confidence_level":0.95,"lower_bound":146011.76879418676,"upper_bound":148129.6982516514},"point_estimate":147072.38425974792,"standard_error":542.8326009139813},"std_dev":{"confidence_interval":{"confidence_level":0.95,"lower_bound":3101.754655756508,"upper_bound":6034.371081380429},"point_estimate":4401.140869913152,"standard_error":878.4808345112498}}