{"mean":{"confidence_interval":{"confidence_level":0.95,"lower_bound":8246066.620285712,"upper_bound":8267228.631785714},"point_estimate":8255565.278571426,"standard_error":5436.0275527902495},"median":{"confidence_interval":{"confidence_level":0.95,"lower_bound":8240344.571428571,"upper_bound":8252906.714285715},"point_estimate":8249554.857142857,"standard_error":3217.1549046398754},"median_abs_dev":{"confidence_interval":{"confidence_level":0.95,"lower_bound":23153.5519889411,"upper_bound":41037.731871434524},"point_estimate":32303.100026505137,"standard_error":4660.7460212084125},"slope":null,"std_dev":{"confidence_interval":{"confidence_level":0.95,"lower_bound":31328.334081890724,"upper_bound":80354.41532069234},"point_estimate":54490.98361965312,"standard_error":14847.527782338053}}