{"mean":{"confidence_interval":{"confidence_level":0.95,"lower_bound":11974.106201171875,"upper_bound":12412.236328125},"point_estimate":12193.171264648438,"standard_error":155.40851285907226},"median":{"confidence_interval":{"confidence_level":0.95,"lower_bound":11974.106201171875,"upper_bound":12412.236328125},"point_estimate":12193.171264648438,"standard_error":155.40851285907226},"median_abs_dev":{"confidence_interval":{"confidence_level":0.95,"lower_bound":0.0,"upper_bound":324.78585734424996},"point_estimate":324.78585734424996,"standard_error":162.390267685519},"slope":{"confidence_interval":{"confidence_level":0.95,"lower_bound":11974.106201171875,"upper_bound":12412.236328125},"point_estimate":12061.7322265625,"standard_error":168.60410536225626},"std_dev":{"confidence_interval":{"confidence_level":0.95,"lower_bound":0.0,"upper_bound":309.80478381067763},"point_estimate":309.80478381067763,"standard_error":154.89985365962997}}