{"mean":{"confidence_interval":{"confidence_level":0.95,"lower_bound":416.5243277426653,"upper_bound":418.74275635250086},"point_estimate":417.50852799023903,"standard_error":0.5696640341787792},"median":{"confidence_interval":{"confidence_level":0.95,"lower_bound":415.877141093398,"upper_bound":416.87571614109197},"point_estimate":416.2651564097544,"standard_error":0.29200470304877635},"median_abs_dev":{"confidence_interval":{"confidence_level":0.95,"lower_bound":1.84076145988104,"upper_bound":3.315626188111514},"point_estimate":2.564001101438178,"standard_error":0.38675344134016365},"slope":{"confidence_interval":{"confidence_level":0.95,"lower_bound":415.2276474489786,"upper_bound":416.4354714772884},"point_estimate":415.8122887960813,"standard_error":0.3090635107564214},"std_dev":{"confidence_interval":{"confidence_level":0.95,"lower_bound":3.090574742415794,"upper_bound":8.455571524766144},"point_estimate":5.705953899526781,"standard_error":1.580592064306495}}