{"mean":{"confidence_interval":{"confidence_level":0.95,"lower_bound":14.140074066633293,"upper_bound":14.213925510568314},"point_estimate":14.171342386119015,"standard_error":0.019160635528338944},"median":{"confidence_interval":{"confidence_level":0.95,"lower_bound":14.12718840025397,"upper_bound":14.14649681866103},"point_estimate":14.133540905406518,"standard_error":0.004998802426702389},"median_abs_dev":{"confidence_interval":{"confidence_level":0.95,"lower_bound":0.02790155880029243,"upper_bound":0.04952578657235048},"point_estimate":0.03774082169386632,"standard_error":0.005533739798867139},"slope":{"confidence_interval":{"confidence_level":0.95,"lower_bound":14.137503154509902,"upper_bound":14.160323272414567},"point_estimate":14.148022986720433,"standard_error":0.005842412973419864},"std_dev":{"confidence_interval":{"confidence_level":0.95,"lower_bound":0.053018662403116396,"upper_bound":0.2908753413433913},"point_estimate":0.1917926926197164,"standard_error":0.06463122376779229}}