{"mean":{"confidence_interval":{"confidence_level":0.95,"lower_bound":261.322534537733,"upper_bound":262.42231290847144},"point_estimate":261.8060777716875,"standard_error":0.28323631652298087},"median":{"confidence_interval":{"confidence_level":0.95,"lower_bound":260.93636243735165,"upper_bound":261.25620501207004},"point_estimate":261.060673415958,"standard_error":0.08926052696606772},"median_abs_dev":{"confidence_interval":{"confidence_level":0.95,"lower_bound":0.4058278169322205,"upper_bound":0.8137691066028468},"point_estimate":0.5578000806412913,"standard_error":0.10532811902738136},"slope":{"confidence_interval":{"confidence_level":0.95,"lower_bound":261.0398912000005,"upper_bound":261.36424721200905},"point_estimate":261.1920688117584,"standard_error":0.08315800683642499},"std_dev":{"confidence_interval":{"confidence_level":0.95,"lower_bound":1.2167159072402283,"upper_bound":4.186504828003126},"point_estimate":2.831314785179742,"standard_error":0.7759406172158888}}