{"mean":{"confidence_interval":{"confidence_level":0.95,"lower_bound":156827.1950981106,"upper_bound":157304.43172221808},"point_estimate":157047.78657090748,"standard_error":122.1813474763751},"median":{"confidence_interval":{"confidence_level":0.95,"lower_bound":156530.26556776557,"upper_bound":156790.73729395604},"point_estimate":156646.25714285712,"standard_error":72.22169897034287},"median_abs_dev":{"confidence_interval":{"confidence_level":0.95,"lower_bound":326.7065824949292,"upper_bound":631.7966530333719},"point_estimate":440.47646961590715,"standard_error":79.47156835405664},"slope":{"confidence_interval":{"confidence_level":0.95,"lower_bound":156710.93117716702,"upper_bound":157131.2651046816},"point_estimate":156898.8479511917,"standard_error":107.99275399944513},"std_dev":{"confidence_interval":{"confidence_level":0.95,"lower_bound":755.6116141997835,"upper_bound":1642.540942925733},"point_estimate":1229.9907714005622,"standard_error":228.9217615421818}}