{"mean":{"confidence_interval":{"confidence_level":0.95,"lower_bound":12.272073454097333,"upper_bound":12.335446036607536},"point_estimate":12.29803184463213,"standard_error":0.016600278897064204},"median":{"confidence_interval":{"confidence_level":0.95,"lower_bound":12.261124694929299,"upper_bound":12.269513105176168},"point_estimate":12.26485252439997,"standard_error":0.002102655063272325},"median_abs_dev":{"confidence_interval":{"confidence_level":0.95,"lower_bound":0.013769674466321137,"upper_bound":0.023906838478928962},"point_estimate":0.017947985599699182,"standard_error":0.0025480717617276695},"slope":{"confidence_interval":{"confidence_level":0.95,"lower_bound":12.265240710373563,"upper_bound":12.306179476695164},"point_estimate":12.282973766616433,"standard_error":0.010547786669400223},"std_dev":{"confidence_interval":{"confidence_level":0.95,"lower_bound":0.045793703961621614,"upper_bound":0.26860187450968454},"point_estimate":0.16720102960894262,"standard_error":0.0649917122485683}}