{"mean":{"confidence_interval":{"confidence_level":0.95,"lower_bound":420.4147483730604,"upper_bound":422.3448173308332},"point_estimate":421.29271708663583,"standard_error":0.494646605465352},"median":{"confidence_interval":{"confidence_level":0.95,"lower_bound":420.342091010029,"upper_bound":421.00741397856376},"point_estimate":420.7201545515803,"standard_error":0.15062465776988132},"median_abs_dev":{"confidence_interval":{"confidence_level":0.95,"lower_bound":1.1070805015624718,"upper_bound":2.1377498097061305},"point_estimate":1.5975621737524128,"standard_error":0.27361228552880085},"slope":{"confidence_interval":{"confidence_level":0.95,"lower_bound":419.651271540668,"upper_bound":421.2511086863531},"point_estimate":420.3830980514575,"standard_error":0.41134865464517434},"std_dev":{"confidence_interval":{"confidence_level":0.95,"lower_bound":2.6919035771758435,"upper_bound":7.035493495677674},"point_estimate":4.995456302503697,"standard_error":1.1267145136448602}}