{"mean":{"confidence_interval":{"confidence_level":0.95,"lower_bound":493.9104018041529,"upper_bound":497.8853144080109},"point_estimate":495.86633016718605,"standard_error":1.0188291333096584},"median":{"confidence_interval":{"confidence_level":0.95,"lower_bound":492.85416381577943,"upper_bound":498.3961829766251},"point_estimate":495.6221846820344,"standard_error":1.3801426415245897},"median_abs_dev":{"confidence_interval":{"confidence_level":0.95,"lower_bound":7.9733660170523795,"upper_bound":11.800155787330123},"point_estimate":10.125028770956432,"standard_error":0.9650031765280122},"slope":{"confidence_interval":{"confidence_level":0.95,"lower_bound":493.35880658684306,"upper_bound":496.8465667421452},"point_estimate":495.1029869001384,"standard_error":0.8868844237690028},"std_dev":{"confidence_interval":{"confidence_level":0.95,"lower_bound":8.364008993706866,"upper_bound":12.007696360948977},"point_estimate":10.246595188722017,"standard_error":0.9338732101085939}}