{"mean":{"confidence_interval":{"confidence_level":0.95,"lower_bound":751.4110794067383,"upper_bound":755.642333984375},"point_estimate":753.5267066955566,"standard_error":1.4956183767862414},"median":{"confidence_interval":{"confidence_level":0.95,"lower_bound":751.4110794067383,"upper_bound":755.642333984375},"point_estimate":753.5267066955566,"standard_error":1.4956183767862414},"median_abs_dev":{"confidence_interval":{"confidence_level":0.95,"lower_bound":0.0,"upper_bound":3.136628962715804},"point_estimate":3.136628962715804,"standard_error":1.56832214231826},"slope":{"confidence_interval":{"confidence_level":0.95,"lower_bound":751.4110794067383,"upper_bound":755.642333984375},"point_estimate":752.2573303222656,"standard_error":1.6249861751207113},"std_dev":{"confidence_interval":{"confidence_level":0.95,"lower_bound":0.0,"upper_bound":2.991948804773545},"point_estimate":2.991948804773545,"standard_error":1.4959817099780248}}