{"mean":{"confidence_interval":{"confidence_level":0.95,"lower_bound":20.322703079550795,"upper_bound":20.37091941618003},"point_estimate":20.345350546632123,"standard_error":0.01230316066845323},"median":{"confidence_interval":{"confidence_level":0.95,"lower_bound":20.304595654536076,"upper_bound":20.343386057709928},"point_estimate":20.31964653727977,"standard_error":0.010194147127815096},"median_abs_dev":{"confidence_interval":{"confidence_level":0.95,"lower_bound":0.05082351485840283,"upper_bound":0.08344193715157318},"point_estimate":0.07266612974466226,"standard_error":0.008129207410750043},"slope":{"confidence_interval":{"confidence_level":0.95,"lower_bound":20.329129137959402,"upper_bound":20.362999120649796},"point_estimate":20.345399428942446,"standard_error":0.008667313844373255},"std_dev":{"confidence_interval":{"confidence_level":0.95,"lower_bound":0.08333718076939128,"upper_bound":0.16556013728585817},"point_estimate":0.1235583482095611,"standard_error":0.02175082766904994}}