{"mean":{"confidence_interval":{"confidence_level":0.95,"lower_bound":296436.3143271198,"upper_bound":297853.91396113846},"point_estimate":297060.15510491346,"standard_error":365.55180374280684},"median":{"confidence_interval":{"confidence_level":0.95,"lower_bound":296052.60096153844,"upper_bound":296765.9401041667},"point_estimate":296347.5034569798,"standard_error":177.39129070344228},"median_abs_dev":{"confidence_interval":{"confidence_level":0.95,"lower_bound":837.7384164514633,"upper_bound":1469.6142186459635},"point_estimate":1154.135643553491,"standard_error":167.77907481269972},"slope":{"confidence_interval":{"confidence_level":0.95,"lower_bound":296455.5230329579,"upper_bound":296934.4781933081},"point_estimate":296690.4909383774,"standard_error":122.24353099056457},"std_dev":{"confidence_interval":{"confidence_level":0.95,"lower_bound":1484.720240592768,"upper_bound":5392.539335111333},"point_estimate":3670.6568811117327,"standard_error":993.6336110462953}}