{"mean":{"confidence_interval":{"confidence_level":0.95,"lower_bound":695.3493368844388,"upper_bound":699.5730472807114},"point_estimate":697.1343846380137,"standard_error":1.0902206834583297},"median":{"confidence_interval":{"confidence_level":0.95,"lower_bound":694.9442073520495,"upper_bound":697.2065663474692},"point_estimate":696.2887387160642,"standard_error":0.6658650189514089},"median_abs_dev":{"confidence_interval":{"confidence_level":0.95,"lower_bound":3.231109423546352,"upper_bound":5.301787514243078},"point_estimate":4.034454171836886,"standard_error":0.5519559476290088},"slope":{"confidence_interval":{"confidence_level":0.95,"lower_bound":694.4806174861055,"upper_bound":697.5057311151547},"point_estimate":695.9552795418383,"standard_error":0.775711313757755},"std_dev":{"confidence_interval":{"confidence_level":0.95,"lower_bound":4.5729786229097344,"upper_bound":17.20905143103219},"point_estimate":10.965368779773575,"standard_error":3.8426229455823777}}