{"mean":{"confidence_interval":{"confidence_level":0.95,"lower_bound":46.49053960579152,"upper_bound":46.69610908397264},"point_estimate":46.58536597245525,"standard_error":0.05270651789302334},"median":{"confidence_interval":{"confidence_level":0.95,"lower_bound":46.4019257518797,"upper_bound":46.441345781733745},"point_estimate":46.42075370299891,"standard_error":0.009476357087560403},"median_abs_dev":{"confidence_interval":{"confidence_level":0.95,"lower_bound":0.05512669406292508,"upper_bound":0.09621628900105823},"point_estimate":0.0787166338312867,"standard_error":0.010213990419442001},"slope":{"confidence_interval":{"confidence_level":0.95,"lower_bound":46.432334940137025,"upper_bound":46.59542996642832},"point_estimate":46.50460266874516,"standard_error":0.041913416148657255},"std_dev":{"confidence_interval":{"confidence_level":0.95,"lower_bound":0.3161746480256747,"upper_bound":0.6984337594566257},"point_estimate":0.5304339571442754,"standard_error":0.09725164843863278}}