{"mean":{"confidence_interval":{"confidence_level":0.95,"lower_bound":2576.7242473104775,"upper_bound":2590.3953287781774},"point_estimate":2582.8738210843703,"standard_error":3.5192261281321646},"median":{"confidence_interval":{"confidence_level":0.95,"lower_bound":2571.8458600157287,"upper_bound":2577.768637789859},"point_estimate":2575.918416164607,"standard_error":1.69381930093701},"median_abs_dev":{"confidence_interval":{"confidence_level":0.95,"lower_bound":8.235298833038783,"upper_bound":14.215166908874687},"point_estimate":10.11952923266934,"standard_error":1.5448538833830419},"slope":{"confidence_interval":{"confidence_level":0.95,"lower_bound":2574.111392749927,"upper_bound":2578.518226226948},"point_estimate":2576.2658946574975,"standard_error":1.1250267304530046},"std_dev":{"confidence_interval":{"confidence_level":0.95,"lower_bound":18.873575982545333,"upper_bound":50.830266453256684},"point_estimate":35.44166284203319,"standard_error":8.432714458092017}}