{"mean":{"confidence_interval":{"confidence_level":0.95,"lower_bound":2681.9854736328125,"upper_bound":2721.575927734375},"point_estimate":2701.7807006835938,"standard_error":13.969891168681382},"median":{"confidence_interval":{"confidence_level":0.95,"lower_bound":2681.9854736328125,"upper_bound":2721.575927734375},"point_estimate":2701.7807006835938,"standard_error":13.969891168681382},"median_abs_dev":{"confidence_interval":{"confidence_level":0.95,"lower_bound":0.0,"upper_bound":29.34840310444997},"point_estimate":29.34840310444997,"standard_error":14.67416446717285},"slope":{"confidence_interval":{"confidence_level":0.95,"lower_bound":2681.9854736328125,"upper_bound":2721.575927734375},"point_estimate":2689.903564453125,"standard_error":15.190945025625341},"std_dev":{"confidence_interval":{"confidence_level":0.95,"lower_bound":0.0,"upper_bound":27.99467856546961},"point_estimate":27.99467856546961,"standard_error":13.997303908256274}}