{"mean":{"confidence_interval":{"confidence_level":0.95,"lower_bound":385191.5278753994,"upper_bound":386895.97692524304},"point_estimate":385992.0291359874,"standard_error":436.39598339583534},"median":{"confidence_interval":{"confidence_level":0.95,"lower_bound":384684.00484917185,"upper_bound":385392.4499886079},"point_estimate":384946.482886598,"standard_error":156.24255806976873},"median_abs_dev":{"confidence_interval":{"confidence_level":0.95,"lower_bound":994.3970280670605,"upper_bound":1692.1991185843597},"point_estimate":1234.1612255892856,"standard_error":169.0645361761223},"slope":{"confidence_interval":{"confidence_level":0.95,"lower_bound":384837.42705494026,"upper_bound":385505.00278858637},"point_estimate":385146.1197005074,"standard_error":170.84217170456662},"std_dev":{"confidence_interval":{"confidence_level":0.95,"lower_bound":2978.422008020683,"upper_bound":5552.157645559366},"point_estimate":4387.643767751351,"standard_error":655.3074064174799}}