{"mean":{"confidence_interval":{"confidence_level":0.95,"lower_bound":779.5566038480764,"upper_bound":782.5479403714015},"point_estimate":780.8370293553868,"standard_error":0.7714394171439962},"median":{"confidence_interval":{"confidence_level":0.95,"lower_bound":779.0781443956621,"upper_bound":780.05463356974},"point_estimate":779.3281750722354,"standard_error":0.21210695051360118},"median_abs_dev":{"confidence_interval":{"confidence_level":0.95,"lower_bound":1.7998730164972245,"upper_bound":3.3253223535252117},"point_estimate":2.342088501142364,"standard_error":0.3861893538454911},"slope":{"confidence_interval":{"confidence_level":0.95,"lower_bound":779.4888458112663,"upper_bound":780.6935237261847},"point_estimate":780.0524913852664,"standard_error":0.30736021320127394},"std_dev":{"confidence_interval":{"confidence_level":0.95,"lower_bound":3.1059726576144864,"upper_bound":12.088540468567258},"point_estimate":7.792883045042444,"standard_error":2.547488398864954}}