{"mean":{"confidence_interval":{"confidence_level":0.95,"lower_bound":226956.65007431948,"upper_bound":227927.73391399762},"point_estimate":227397.65665990955,"standard_error":249.2603842839557},"median":{"confidence_interval":{"confidence_level":0.95,"lower_bound":226520.69482169027,"upper_bound":226929.06918340028},"point_estimate":226771.86809782608,"standard_error":104.49467582937595},"median_abs_dev":{"confidence_interval":{"confidence_level":0.95,"lower_bound":715.4097201543835,"upper_bound":1257.857085106915},"point_estimate":998.5607342720092,"standard_error":135.13453810915306},"slope":{"confidence_interval":{"confidence_level":0.95,"lower_bound":226694.78098934054,"upper_bound":227113.5220510239},"point_estimate":226893.70276754838,"standard_error":107.23513999892886},"std_dev":{"confidence_interval":{"confidence_level":0.95,"lower_bound":1419.6039186158698,"upper_bound":3611.225267177279},"point_estimate":2512.655242306488,"standard_error":601.7169060856817}}