{"mean":{"confidence_interval":{"confidence_level":0.95,"lower_bound":100.03240966796875,"upper_bound":100.32579040527344},"point_estimate":100.1791000366211,"standard_error":0.10374109146974465},"median":{"confidence_interval":{"confidence_level":0.95,"lower_bound":100.03240966796875,"upper_bound":100.32579040527344},"point_estimate":100.1791000366211,"standard_error":0.10374109146974465},"median_abs_dev":{"confidence_interval":{"confidence_level":0.95,"lower_bound":0.0,"upper_bound":0.21748313670286734},"point_estimate":0.21748313670286734,"standard_error":0.10874210716999375},"slope":{"confidence_interval":{"confidence_level":0.95,"lower_bound":100.03240966796875,"upper_bound":100.32579040527344},"point_estimate":100.0910858154297,"standard_error":0.1124387433717213},"std_dev":{"confidence_interval":{"confidence_level":0.95,"lower_bound":0.0,"upper_bound":0.20745150881765365},"point_estimate":0.20745150881765365,"standard_error":0.10372626837383993}}