{"mean":{"confidence_interval":{"confidence_level":0.95,"lower_bound":476.8013593307757,"upper_bound":480.12700380478435},"point_estimate":478.33820439632257,"standard_error":0.8503324581168423},"median":{"confidence_interval":{"confidence_level":0.95,"lower_bound":475.13629115361107,"upper_bound":477.5175276355972},"point_estimate":476.11929720735554,"standard_error":0.5686174704720909},"median_abs_dev":{"confidence_interval":{"confidence_level":0.95,"lower_bound":3.1012683272296746,"upper_bound":5.3532249765469535},"point_estimate":3.944666224315545,"standard_error":0.5560836422955399},"slope":{"confidence_interval":{"confidence_level":0.95,"lower_bound":476.4967753591114,"upper_bound":478.52793340247797},"point_estimate":477.4326022993714,"standard_error":0.5195087174304611},"std_dev":{"confidence_interval":{"confidence_level":0.95,"lower_bound":5.333189081352521,"upper_bound":11.699365627761892},"point_estimate":8.54086838892735,"standard_error":1.6725080140071857}}