{"mean":{"confidence_interval":{"confidence_level":0.95,"lower_bound":80.27502635996497,"upper_bound":80.69175350983828},"point_estimate":80.46572315423253,"standard_error":0.10681312296433738},"median":{"confidence_interval":{"confidence_level":0.95,"lower_bound":80.34058694524782,"upper_bound":80.402912533729},"point_estimate":80.37218054117432,"standard_error":0.01621772459948399},"median_abs_dev":{"confidence_interval":{"confidence_level":0.95,"lower_bound":0.12382113898681375,"upper_bound":0.5149244013175419},"point_estimate":0.2226834200404264,"standard_error":0.09746239956427669},"slope":{"confidence_interval":{"confidence_level":0.95,"lower_bound":80.19545423029643,"upper_bound":80.59098160151204},"point_estimate":80.36852223583952,"standard_error":0.10109215332726455},"std_dev":{"confidence_interval":{"confidence_level":0.95,"lower_bound":0.6004485946656164,"upper_bound":1.498743917660172},"point_estimate":1.0730502678489342,"standard_error":0.23578188637427827}}