{"mean":{"confidence_interval":{"confidence_level":0.95,"lower_bound":5656.448946658937,"upper_bound":5677.024020253489},"point_estimate":5664.564100780787,"standard_error":5.46012429555347},"median":{"confidence_interval":{"confidence_level":0.95,"lower_bound":5653.016161616161,"upper_bound":5661.807515948964},"point_estimate":5657.050266583907,"standard_error":2.118624160047621},"median_abs_dev":{"confidence_interval":{"confidence_level":0.95,"lower_bound":12.92338636235626,"upper_bound":19.400098406264142},"point_estimate":16.290151449427853,"standard_error":1.634249591831318},"slope":{"confidence_interval":{"confidence_level":0.95,"lower_bound":5655.568968016482,"upper_bound":5662.409881288411},"point_estimate":5658.97809001236,"standard_error":1.7422033826288095},"std_dev":{"confidence_interval":{"confidence_level":0.95,"lower_bound":15.386799360605524,"upper_bound":90.0097110322767},"point_estimate":54.795759468008214,"standard_error":23.963724575858727}}