{"mean":{"confidence_interval":{"confidence_level":0.95,"lower_bound":237.85986709594727,"upper_bound":240.1020050048828},"point_estimate":238.98093605041504,"standard_error":0.7926950136176658},"median":{"confidence_interval":{"confidence_level":0.95,"lower_bound":237.85986709594727,"upper_bound":240.1020050048828},"point_estimate":238.98093605041504,"standard_error":0.7926950136176658},"median_abs_dev":{"confidence_interval":{"confidence_level":0.95,"lower_bound":0.0,"upper_bound":1.662096802385804},"point_estimate":1.662096802385804,"standard_error":0.8310525549708037},"slope":{"confidence_interval":{"confidence_level":0.95,"lower_bound":237.85986709594727,"upper_bound":240.1020050048828},"point_estimate":238.30829467773438,"standard_error":0.863172709955161},"std_dev":{"confidence_interval":{"confidence_level":0.95,"lower_bound":0.0,"upper_bound":1.585430919763751},"point_estimate":1.585430919763751,"standard_error":0.7927194220616933}}