{"mean":{"confidence_interval":{"confidence_level":0.95,"lower_bound":761190.3219168377,"upper_bound":765901.2942542857},"point_estimate":763253.7475235084,"standard_error":1210.6797556740662},"median":{"confidence_interval":{"confidence_level":0.95,"lower_bound":759373.4714285714,"upper_bound":761086.6856617647},"point_estimate":760141.1770833333,"standard_error":433.6005205637249},"median_abs_dev":{"confidence_interval":{"confidence_level":0.95,"lower_bound":2675.8683056085342,"upper_bound":5392.247024803239},"point_estimate":3878.0660689578567,"standard_error":719.487647973657},"slope":{"confidence_interval":{"confidence_level":0.95,"lower_bound":759067.3146536193,"upper_bound":762910.6835248698},"point_estimate":760652.9811408306,"standard_error":1001.4529373973858},"std_dev":{"confidence_interval":{"confidence_level":0.95,"lower_bound":5230.134760570132,"upper_bound":18267.452583697293},"point_estimate":12167.319955002235,"standard_error":3460.379039108498}}