{"mean":{"confidence_interval":{"confidence_level":0.95,"lower_bound":2561.4037806893843,"upper_bound":2582.0381956245196},"point_estimate":2570.5620754575234,"standard_error":5.300159719814924},"median":{"confidence_interval":{"confidence_level":0.95,"lower_bound":2555.2043699732653,"upper_bound":2563.4658664666167},"point_estimate":2557.904769467912,"standard_error":2.0347805477348824},"median_abs_dev":{"confidence_interval":{"confidence_level":0.95,"lower_bound":12.746309668188125,"upper_bound":24.04979145413201},"point_estimate":15.678428797854478,"standard_error":3.2275694555506593},"slope":{"confidence_interval":{"confidence_level":0.95,"lower_bound":2553.9309525103677,"upper_bound":2561.6726008408486},"point_estimate":2557.733877484937,"standard_error":1.970874902249902},"std_dev":{"confidence_interval":{"confidence_level":0.95,"lower_bound":27.08884946526144,"upper_bound":78.2415701681852},"point_estimate":53.41538777816805,"standard_error":13.947022073682618}}