{"mean":{"confidence_interval":{"confidence_level":0.95,"lower_bound":5551.875409632677,"upper_bound":5572.398055233243},"point_estimate":5561.409629576377,"standard_error":5.259553710951849},"median":{"confidence_interval":{"confidence_level":0.95,"lower_bound":5541.618074389771,"upper_bound":5555.048764044944},"point_estimate":5550.401580884602,"standard_error":3.8910832416053864},"median_abs_dev":{"confidence_interval":{"confidence_level":0.95,"lower_bound":19.87707951925305,"upper_bound":38.63312248828176},"point_estimate":32.06971382131392,"standard_error":5.215194455500877},"slope":{"confidence_interval":{"confidence_level":0.95,"lower_bound":5546.428350507515,"upper_bound":5568.054579452896},"point_estimate":5556.368419527681,"standard_error":5.540386592965122},"std_dev":{"confidence_interval":{"confidence_level":0.95,"lower_bound":34.026869332362885,"upper_bound":68.71139632017763},"point_estimate":52.67420842987282,"standard_error":8.828611391319455}}