{"mean":{"confidence_interval":{"confidence_level":0.95,"lower_bound":62.45981519578089,"upper_bound":62.714158308646375},"point_estimate":62.56183566213874,"standard_error":0.06710762443618812},"median":{"confidence_interval":{"confidence_level":0.95,"lower_bound":62.356636715611074,"upper_bound":62.48588291716946},"point_estimate":62.387170442726,"standard_error":0.04064707940503313},"median_abs_dev":{"confidence_interval":{"confidence_level":0.95,"lower_bound":0.12328808944167652,"upper_bound":0.2717148057565596},"point_estimate":0.17289131585129944,"standard_error":0.037425247221469164},"slope":{"confidence_interval":{"confidence_level":0.95,"lower_bound":62.4326385544998,"upper_bound":62.61254872418969},"point_estimate":62.51142029455742,"standard_error":0.04610368489024373},"std_dev":{"confidence_interval":{"confidence_level":0.95,"lower_bound":0.22923546498541267,"upper_bound":1.093862107974525},"point_estimate":0.6741709545489969,"standard_error":0.2834352689375569}}