{"mean":{"confidence_interval":{"confidence_level":0.95,"lower_bound":29628.446954492643,"upper_bound":29701.56875537559},"point_estimate":29657.413922237913,"standard_error":19.2922141539843},"median":{"confidence_interval":{"confidence_level":0.95,"lower_bound":29607.339154411766,"upper_bound":29636.366470588237},"point_estimate":29620.359150326796,"standard_error":7.3118570528078175},"median_abs_dev":{"confidence_interval":{"confidence_level":0.95,"lower_bound":43.76918001479724,"upper_bound":73.51347762956638},"point_estimate":62.134868553745434,"standard_error":7.630147908684325},"slope":{"confidence_interval":{"confidence_level":0.95,"lower_bound":29627.672431898154,"upper_bound":29670.386900154852},"point_estimate":29646.962931353715,"standard_error":11.01840399793956},"std_dev":{"confidence_interval":{"confidence_level":0.95,"lower_bound":61.63974351938306,"upper_bound":315.767723502626},"point_estimate":193.5915519753431,"standard_error":83.06149791678142}}