{"mean":{"confidence_interval":{"confidence_level":0.95,"lower_bound":761.3187033397007,"upper_bound":763.584376776158},"point_estimate":762.4046653036796,"standard_error":0.5780415714441619},"median":{"confidence_interval":{"confidence_level":0.95,"lower_bound":760.9014033165759,"upper_bound":763.1877775803873},"point_estimate":762.0839324323827,"standard_error":0.5947515285710397},"median_abs_dev":{"confidence_interval":{"confidence_level":0.95,"lower_bound":4.201227708463121,"upper_bound":6.5941858113362155},"point_estimate":5.4784739730122975,"standard_error":0.5838061754630967},"slope":{"confidence_interval":{"confidence_level":0.95,"lower_bound":759.9165893353861,"upper_bound":762.2014693482698},"point_estimate":761.0204966250994,"standard_error":0.5843791827838897},"std_dev":{"confidence_interval":{"confidence_level":0.95,"lower_bound":4.282463975660852,"upper_bound":7.576161709130341},"point_estimate":5.816804375761561,"standard_error":0.8937151315468658}}