{"mean":{"confidence_interval":{"confidence_level":0.95,"lower_bound":134123.45855319113,"upper_bound":134703.83704425723},"point_estimate":134393.01051254937,"standard_error":148.7801966406512},"median":{"confidence_interval":{"confidence_level":0.95,"lower_bound":133820.04375,"upper_bound":133936.41785714286},"point_estimate":133869.83330062794,"standard_error":28.054384709358924},"median_abs_dev":{"confidence_interval":{"confidence_level":0.95,"lower_bound":200.59899177677087,"upper_bound":372.8299627543466},"point_estimate":282.2270467680053,"standard_error":44.50987467490739},"slope":{"confidence_interval":{"confidence_level":0.95,"lower_bound":133972.69051347993,"upper_bound":134485.36385064677},"point_estimate":134201.98638687748,"standard_error":131.23525483745118},"std_dev":{"confidence_interval":{"confidence_level":0.95,"lower_bound":964.6048106305375,"upper_bound":1946.3590269022454},"point_estimate":1492.1407994444664,"standard_error":251.92282567546124}}