{"mean":{"confidence_interval":{"confidence_level":0.95,"lower_bound":23422.48046875,"upper_bound":23894.182861328125},"point_estimate":23658.331665039062,"standard_error":166.9540548999214},"median":{"confidence_interval":{"confidence_level":0.95,"lower_bound":23422.48046875,"upper_bound":23894.182861328125},"point_estimate":23658.331665039062,"standard_error":166.9540548999214},"median_abs_dev":{"confidence_interval":{"confidence_level":0.95,"lower_bound":0.0,"upper_bound":349.67297741022776},"point_estimate":349.67297741022776,"standard_error":174.8369474449538},"slope":{"confidence_interval":{"confidence_level":0.95,"lower_bound":23422.48046875,"upper_bound":23894.182861328125},"point_estimate":23799.8423828125,"standard_error":181.25117985674805},"std_dev":{"confidence_interval":{"confidence_level":0.95,"lower_bound":0.0,"upper_bound":333.5439604939112},"point_estimate":333.5439604939112,"standard_error":166.77241782709774}}