{"mean":{"confidence_interval":{"confidence_level":0.95,"lower_bound":1274.9673714158378,"upper_bound":1278.5848297367097},"point_estimate":1276.4750016202738,"standard_error":0.9381658797710662},"median":{"confidence_interval":{"confidence_level":0.95,"lower_bound":1274.0625803341902,"upper_bound":1275.2468170600096},"point_estimate":1274.6493952658184,"standard_error":0.28054747593546464},"median_abs_dev":{"confidence_interval":{"confidence_level":0.95,"lower_bound":1.8465801728721374,"upper_bound":3.131955630596812},"point_estimate":2.5651236430507556,"standard_error":0.35103084500822135},"slope":{"confidence_interval":{"confidence_level":0.95,"lower_bound":1274.1506122366359,"upper_bound":1277.924302588619},"point_estimate":1275.6748807022436,"standard_error":0.9957650568317455},"std_dev":{"confidence_interval":{"confidence_level":0.95,"lower_bound":3.2421711598658454,"upper_bound":14.950115302109303},"point_estimate":9.443621086119496,"standard_error":3.3981622749641094}}