{"mean":{"confidence_interval":{"confidence_level":0.95,"lower_bound":714.3011923364774,"upper_bound":717.13737590068},"point_estimate":715.6241251230542,"standard_error":0.7270475112561351},"median":{"confidence_interval":{"confidence_level":0.95,"lower_bound":713.830918514592,"upper_bound":715.4562823424903},"point_estimate":714.5942052843409,"standard_error":0.4460604030957928},"median_abs_dev":{"confidence_interval":{"confidence_level":0.95,"lower_bound":2.68816652112737,"upper_bound":4.831193127093934},"point_estimate":3.7512704685176708,"standard_error":0.5397955290502966},"slope":{"confidence_interval":{"confidence_level":0.95,"lower_bound":714.1654727692955,"upper_bound":716.4646586177096},"point_estimate":715.1505922361958,"standard_error":0.5930159401011498},"std_dev":{"confidence_interval":{"confidence_level":0.95,"lower_bound":4.67635140217673,"upper_bound":10.09116089093128},"point_estimate":7.306407897268604,"standard_error":1.4754869016539738}}