{"mean":{"confidence_interval":{"confidence_level":0.95,"lower_bound":613.7997131347656,"upper_bound":627.097412109375},"point_estimate":620.4485626220703,"standard_error":4.702623701918993},"median":{"confidence_interval":{"confidence_level":0.95,"lower_bound":613.7997131347656,"upper_bound":627.097412109375},"point_estimate":620.4485626220703,"standard_error":4.702623701918993},"median_abs_dev":{"confidence_interval":{"confidence_level":0.95,"lower_bound":0.0,"upper_bound":9.857584074870829},"point_estimate":9.857584074870829,"standard_error":4.928816015202708},"slope":{"confidence_interval":{"confidence_level":0.95,"lower_bound":613.7997131347656,"upper_bound":627.097412109375},"point_estimate":616.4592529296875,"standard_error":5.092041720702638},"std_dev":{"confidence_interval":{"confidence_level":0.95,"lower_bound":0.0,"upper_bound":9.40289311912369},"point_estimate":9.40289311912369,"standard_error":4.701469431330202}}