{"mean":{"confidence_interval":{"confidence_level":0.95,"lower_bound":3209.4491929533033,"upper_bound":3221.133810743148},"point_estimate":3214.7013427710126,"standard_error":2.9918960648591844},"median":{"confidence_interval":{"confidence_level":0.95,"lower_bound":3205.174380407554,"upper_bound":3210.125439664502},"point_estimate":3207.9559100396355,"standard_error":1.377369534725014},"median_abs_dev":{"confidence_interval":{"confidence_level":0.95,"lower_bound":6.569406828020943,"upper_bound":11.27734695887795},"point_estimate":8.718679707652685,"standard_error":1.1844686192996334},"slope":{"confidence_interval":{"confidence_level":0.95,"lower_bound":3205.573199591596,"upper_bound":3210.4240920272455},"point_estimate":3207.8491389074943,"standard_error":1.237450455635916},"std_dev":{"confidence_interval":{"confidence_level":0.95,"lower_bound":15.3319696996817,"upper_bound":42.04001187128763},"point_estimate":30.1552553471648,"standard_error":6.913359192664635}}