{"mean":{"confidence_interval":{"confidence_level":0.95,"lower_bound":3192.3376469838036,"upper_bound":3209.1844342030913},"point_estimate":3199.926875136187,"standard_error":4.332019747492789},"median":{"confidence_interval":{"confidence_level":0.95,"lower_bound":3186.4242267729855,"upper_bound":3192.207590132827},"point_estimate":3189.421847251883,"standard_error":1.54707398098369},"median_abs_dev":{"confidence_interval":{"confidence_level":0.95,"lower_bound":10.02322091118805,"upper_bound":18.796813325366422},"point_estimate":14.288724848152205,"standard_error":2.11872049066732},"slope":{"confidence_interval":{"confidence_level":0.95,"lower_bound":3185.0661293417265,"upper_bound":3191.589075229556},"point_estimate":3188.1683214270392,"standard_error":1.6671384610946758},"std_dev":{"confidence_interval":{"confidence_level":0.95,"lower_bound":20.905916359892117,"upper_bound":61.47886483597568},"point_estimate":43.49184878623957,"standard_error":10.36950968178794}}