{"mean":{"confidence_interval":{"confidence_level":0.95,"lower_bound":347.5272903442383,"upper_bound":351.36681365966797},"point_estimate":349.4470520019531,"standard_error":1.3588183808578036},"median":{"confidence_interval":{"confidence_level":0.95,"lower_bound":347.5272903442383,"upper_bound":351.36681365966797},"point_estimate":349.4470520019531,"standard_error":1.3588183808578036},"median_abs_dev":{"confidence_interval":{"confidence_level":0.95,"lower_bound":0.0,"upper_bound":2.8462385831971915},"point_estimate":2.8462385831971915,"standard_error":1.4231235609930855},"slope":{"confidence_interval":{"confidence_level":0.95,"lower_bound":347.5272903442383,"upper_bound":351.36681365966797},"point_estimate":348.2951950073242,"standard_error":1.4756931381312388},"std_dev":{"confidence_interval":{"confidence_level":0.95,"lower_bound":0.0,"upper_bound":2.7149529728641877},"point_estimate":2.7149529728641877,"standard_error":1.357480558895591}}