{"mean":{"confidence_interval":{"confidence_level":0.95,"lower_bound":36216.44170198454,"upper_bound":36384.69835517952},"point_estimate":36293.06833098283,"standard_error":43.1670792312554},"median":{"confidence_interval":{"confidence_level":0.95,"lower_bound":36139.88445378151,"upper_bound":36176.13715486194},"point_estimate":36154.884133825944,"standard_error":9.078493612010273},"median_abs_dev":{"confidence_interval":{"confidence_level":0.95,"lower_bound":55.62882004159236,"upper_bound":104.09484796302304},"point_estimate":73.8381481451995,"standard_error":12.611373487401154},"slope":{"confidence_interval":{"confidence_level":0.95,"lower_bound":36172.70205277009,"upper_bound":36428.19626699247},"point_estimate":36269.24637389432,"standard_error":68.82381788226914},"std_dev":{"confidence_interval":{"confidence_level":0.95,"lower_bound":236.6644454742373,"upper_bound":597.4491296658698},"point_estimate":435.03828226585665,"standard_error":92.23094038288633}}