{"mean":{"confidence_interval":{"confidence_level":0.95,"lower_bound":531.1606326646108,"upper_bound":535.7787780748506},"point_estimate":533.304653269146,"standard_error":1.1894414439664374},"median":{"confidence_interval":{"confidence_level":0.95,"lower_bound":530.1927194860814,"upper_bound":531.9381504905134},"point_estimate":531.5065700554434,"standard_error":0.4715089010353569},"median_abs_dev":{"confidence_interval":{"confidence_level":0.95,"lower_bound":3.432823477427617,"upper_bound":6.873160247018103},"point_estimate":4.728893308520074,"standard_error":0.897498899384475},"slope":{"confidence_interval":{"confidence_level":0.95,"lower_bound":529.0742413249397,"upper_bound":532.3539381697284},"point_estimate":530.6047681008953,"standard_error":0.8354948634197515},"std_dev":{"confidence_interval":{"confidence_level":0.95,"lower_bound":7.418104056829488,"upper_bound":15.909555496581358},"point_estimate":11.99184285714213,"standard_error":2.1798758619231924}}