{"mean":{"confidence_interval":{"confidence_level":0.95,"lower_bound":713.0233154296875,"upper_bound":718.2264404296875},"point_estimate":715.6248779296875,"standard_error":1.8431896255357714},"median":{"confidence_interval":{"confidence_level":0.95,"lower_bound":713.0233154296875,"upper_bound":718.2264404296875},"point_estimate":715.6248779296875,"standard_error":1.8431896255357714},"median_abs_dev":{"confidence_interval":{"confidence_level":0.95,"lower_bound":0.0,"upper_bound":3.857076494023204},"point_estimate":3.857076494023204,"standard_error":1.9285330723004324},"slope":{"confidence_interval":{"confidence_level":0.95,"lower_bound":713.0233154296875,"upper_bound":718.2264404296875},"point_estimate":717.1858154296875,"standard_error":1.989806875630758},"std_dev":{"confidence_interval":{"confidence_level":0.95,"lower_bound":0.0,"upper_bound":3.679164970861255},"point_estimate":3.679164970861255,"standard_error":1.839577549407692}}