{"mean":{"confidence_interval":{"confidence_level":0.95,"lower_bound":1384.1412049505525,"upper_bound":1389.804445604464},"point_estimate":1386.4820106028337,"standard_error":1.478956367454212},"median":{"confidence_interval":{"confidence_level":0.95,"lower_bound":1381.8173598553346,"upper_bound":1384.2283263009845},"point_estimate":1382.6581970510438,"standard_error":0.6478356885489476},"median_abs_dev":{"confidence_interval":{"confidence_level":0.95,"lower_bound":3.2004515577071873,"upper_bound":6.819835844550413},"point_estimate":4.651844510711868,"standard_error":0.9102952531977049},"slope":{"confidence_interval":{"confidence_level":0.95,"lower_bound":1381.3542438295483,"upper_bound":1383.4410619714668},"point_estimate":1382.3201188152066,"standard_error":0.533594671289733},"std_dev":{"confidence_interval":{"confidence_level":0.95,"lower_bound":5.677373587330565,"upper_bound":23.569606050539416},"point_estimate":14.810114372362216,"standard_error":5.6305944691010685}}