{"mean":{"confidence_interval":{"confidence_level":0.95,"lower_bound":10165.315214317832,"upper_bound":10219.715373389765},"point_estimate":10189.648170855397,"standard_error":13.994535562106664},"median":{"confidence_interval":{"confidence_level":0.95,"lower_bound":10153.120380584667,"upper_bound":10169.302295918367},"point_estimate":10160.287575276012,"standard_error":3.7289100347141435},"median_abs_dev":{"confidence_interval":{"confidence_level":0.95,"lower_bound":29.874913150933175,"upper_bound":50.02758949360593},"point_estimate":40.18752884614153,"standard_error":5.175244768314886},"slope":{"confidence_interval":{"confidence_level":0.95,"lower_bound":10159.412290423994,"upper_bound":10185.40312140816},"point_estimate":10171.604369132314,"standard_error":6.651005342939344},"std_dev":{"confidence_interval":{"confidence_level":0.95,"lower_bound":73.3648036704765,"upper_bound":204.1500896531304},"point_estimate":141.080159122438,"standard_error":34.90909773123346}}