{"mean":{"confidence_interval":{"confidence_level":0.95,"lower_bound":4742.17437266821,"upper_bound":4766.589242957965},"point_estimate":4752.260692503024,"standard_error":6.339003817459415},"median":{"confidence_interval":{"confidence_level":0.95,"lower_bound":4736.470931375762,"upper_bound":4740.125292088573},"point_estimate":4738.850499829118,"standard_error":0.8826775770085461},"median_abs_dev":{"confidence_interval":{"confidence_level":0.95,"lower_bound":6.190313720564203,"upper_bound":10.54185079625458},"point_estimate":7.7418928962770694,"standard_error":1.0805545911107757},"slope":{"confidence_interval":{"confidence_level":0.95,"lower_bound":4742.033249398389,"upper_bound":4763.003065460091},"point_estimate":4751.380072417297,"standard_error":5.399358322287449},"std_dev":{"confidence_interval":{"confidence_level":0.95,"lower_bound":21.083116026339976,"upper_bound":101.01376388071769},"point_estimate":63.68219195090729,"standard_error":23.424799618230796}}