{"mean":{"confidence_interval":{"confidence_level":0.95,"lower_bound":2892.102435065875,"upper_bound":2903.9480609899583},"point_estimate":2897.65024600904,"standard_error":3.0236349640452307},"median":{"confidence_interval":{"confidence_level":0.95,"lower_bound":2886.9537512480388,"upper_bound":2892.6317829457366},"point_estimate":2890.06707339931,"standard_error":1.187780741444142},"median_abs_dev":{"confidence_interval":{"confidence_level":0.95,"lower_bound":7.852763594753691,"upper_bound":14.882730513339476},"point_estimate":11.813413080275696,"standard_error":1.8105836076592192},"slope":{"confidence_interval":{"confidence_level":0.95,"lower_bound":2889.5161886861492,"upper_bound":2896.4195213056296},"point_estimate":2892.6317380355476,"standard_error":1.7664587602153512},"std_dev":{"confidence_interval":{"confidence_level":0.95,"lower_bound":19.67502715723302,"upper_bound":39.4501820390123},"point_estimate":30.47218933124348,"standard_error":5.048214203289215}}