{"mean":{"confidence_interval":{"confidence_level":0.95,"lower_bound":420.8722686767578,"upper_bound":424.7397918701172},"point_estimate":422.8060302734375,"standard_error":1.3673120576085298},"median":{"confidence_interval":{"confidence_level":0.95,"lower_bound":420.8722686767578,"upper_bound":424.7397918701172},"point_estimate":422.8060302734375,"standard_error":1.3673120576085298},"median_abs_dev":{"confidence_interval":{"confidence_level":0.95,"lower_bound":0.0,"upper_bound":2.8669948923379707},"point_estimate":2.8669948923379707,"standard_error":1.4335046065425168},"slope":{"confidence_interval":{"confidence_level":0.95,"lower_bound":420.8722686767578,"upper_bound":424.7397918701172},"point_estimate":421.64577331542966,"standard_error":1.4881088867315329},"std_dev":{"confidence_interval":{"confidence_level":0.95,"lower_bound":0.0,"upper_bound":2.734751876420665},"point_estimate":2.734751876420665,"standard_error":1.3673827683034194}}