{"mean":{"confidence_interval":{"confidence_level":0.95,"lower_bound":61135.453125,"upper_bound":62111.470703125},"point_estimate":61623.4619140625,"standard_error":344.385170367881},"median":{"confidence_interval":{"confidence_level":0.95,"lower_bound":61135.453125,"upper_bound":62111.470703125},"point_estimate":61623.4619140625,"standard_error":344.385170367881},"median_abs_dev":{"confidence_interval":{"confidence_level":0.95,"lower_bound":0.0,"upper_bound":723.5218178189825},"point_estimate":723.5218178189825,"standard_error":361.7598236144209},"slope":{"confidence_interval":{"confidence_level":0.95,"lower_bound":61135.453125,"upper_bound":62111.470703125},"point_estimate":61916.2671875,"standard_error":374.81160699681743},"std_dev":{"confidence_interval":{"confidence_level":0.95,"lower_bound":0.0,"upper_bound":690.1486480494584},"point_estimate":690.1486480494584,"standard_error":345.0732887899615}}