{"mean":{"confidence_interval":{"confidence_level":0.95,"lower_bound":8620333.803833336,"upper_bound":8635740.919499999},"point_estimate":8627788.371666672,"standard_error":3921.0749459389503},"median":{"confidence_interval":{"confidence_level":0.95,"lower_bound":8613678.166666666,"upper_bound":8627713.833333334},"point_estimate":8620717.666666668,"standard_error":3970.062401920121},"median_abs_dev":{"confidence_interval":{"confidence_level":0.95,"lower_bound":27289.544368011902,"upper_bound":44071.20466507793},"point_estimate":35340.488472581834,"standard_error":4069.1746568523718},"slope":null,"std_dev":{"confidence_interval":{"confidence_level":0.95,"lower_bound":31912.734874322785,"upper_bound":46226.32262977543},"point_estimate":39385.64661086043,"standard_error":3647.846247453647}}