{"mean":{"confidence_interval":{"confidence_level":0.95,"lower_bound":274.39304567220483,"upper_bound":275.2894291578577},"point_estimate":274.81275289622766,"standard_error":0.22887483955520596},"median":{"confidence_interval":{"confidence_level":0.95,"lower_bound":274.0573107845855,"upper_bound":274.8629812186898},"point_estimate":274.4717566033757,"standard_error":0.22003116436360406},"median_abs_dev":{"confidence_interval":{"confidence_level":0.95,"lower_bound":1.2904016519006067,"upper_bound":2.053858713243521},"point_estimate":1.6716104535007996,"standard_error":0.19901983367026488},"slope":{"confidence_interval":{"confidence_level":0.95,"lower_bound":274.39003986346523,"upper_bound":275.1087323743318},"point_estimate":274.75079904930107,"standard_error":0.18358735116861088},"std_dev":{"confidence_interval":{"confidence_level":0.95,"lower_bound":1.5612491671649193,"upper_bound":3.1147330155925355},"point_estimate":2.2966254458661934,"standard_error":0.42626463553051586}}