{"mean":{"confidence_interval":{"confidence_level":0.95,"lower_bound":32.915929735425706,"upper_bound":33.041203061837436},"point_estimate":32.973614598124776,"standard_error":0.0321057832421586},"median":{"confidence_interval":{"confidence_level":0.95,"lower_bound":32.857292005115774,"upper_bound":32.88148887769145},"point_estimate":32.868498917230255,"standard_error":0.00606691121320275},"median_abs_dev":{"confidence_interval":{"confidence_level":0.95,"lower_bound":0.035058880655328896,"upper_bound":0.06913934953240207},"point_estimate":0.0485948379487891,"standard_error":0.008860913973791401},"slope":{"confidence_interval":{"confidence_level":0.95,"lower_bound":32.900180880186106,"upper_bound":33.02683922484727},"point_estimate":32.95668252406989,"standard_error":0.03255935428566915},"std_dev":{"confidence_interval":{"confidence_level":0.95,"lower_bound":0.19765785228773758,"upper_bound":0.42376747540399273},"point_estimate":0.32270687272951587,"standard_error":0.05782043684102888}}