{"mean":{"confidence_interval":{"confidence_level":0.95,"lower_bound":2628456.9461000003,"upper_bound":2632415.035275},"point_estimate":2630328.542000001,"standard_error":1010.812303965374},"median":{"confidence_interval":{"confidence_level":0.95,"lower_bound":2627901.75,"upper_bound":2631682.875},"point_estimate":2629967.5999999996,"standard_error":1151.8649800100177},"median_abs_dev":{"confidence_interval":{"confidence_level":0.95,"lower_bound":6009.274213313643,"upper_bound":9373.034098595588},"point_estimate":7454.364407658439,"standard_error":853.1897239723727},"slope":null,"std_dev":{"confidence_interval":{"confidence_level":0.95,"lower_bound":7021.291690489916,"upper_bound":13803.193417313356},"point_estimate":10170.06718772864,"standard_error":1880.0439893763212}}