{"mean":{"confidence_interval":{"confidence_level":0.95,"lower_bound":38.27117347717285,"upper_bound":38.39076614379883},"point_estimate":38.33096981048584,"standard_error":0.042333283108376106},"median":{"confidence_interval":{"confidence_level":0.95,"lower_bound":38.27117347717285,"upper_bound":38.39076614379883},"point_estimate":38.33096981048584,"standard_error":0.042333283108376106},"median_abs_dev":{"confidence_interval":{"confidence_level":0.95,"lower_bound":0.0,"upper_bound":0.08865404219591255},"point_estimate":0.08865404219591255,"standard_error":0.04432711507207863},"slope":{"confidence_interval":{"confidence_level":0.95,"lower_bound":38.27117347717285,"upper_bound":38.39076614379883},"point_estimate":38.366847610473634,"standard_error":0.04603168154289},"std_dev":{"confidence_interval":{"confidence_level":0.95,"lower_bound":0.0,"upper_bound":0.08456478555141013},"point_estimate":0.08456478555141013,"standard_error":0.042282482415149765}}