{"mean":{"confidence_interval":{"confidence_level":0.95,"lower_bound":551.1722659870961,"upper_bound":553.9013939823127},"point_estimate":552.3864291378779,"standard_error":0.6998130250511002},"median":{"confidence_interval":{"confidence_level":0.95,"lower_bound":550.1925050824927,"upper_bound":551.0361655773421},"point_estimate":550.4744616709734,"standard_error":0.24703872628384674},"median_abs_dev":{"confidence_interval":{"confidence_level":0.95,"lower_bound":1.2739838301285173,"upper_bound":2.564139942400168},"point_estimate":1.7878627636798328,"standard_error":0.3584782618743278},"slope":{"confidence_interval":{"confidence_level":0.95,"lower_bound":550.9956426966143,"upper_bound":552.5956674492616},"point_estimate":551.7384129205458,"standard_error":0.40814902603386477},"std_dev":{"confidence_interval":{"confidence_level":0.95,"lower_bound":3.349725171226247,"upper_bound":10.330619713299019},"point_estimate":7.047961923916848,"standard_error":1.8373819615078228}}