{"mean":{"confidence_interval":{"confidence_level":0.95,"lower_bound":12805.558227491298,"upper_bound":12884.588022333657},"point_estimate":12837.25547148807,"standard_error":20.77828055371308},"median":{"confidence_interval":{"confidence_level":0.95,"lower_bound":12792.969870969871,"upper_bound":12803.811839169657},"point_estimate":12798.051222555976,"standard_error":3.0391924242600936},"median_abs_dev":{"confidence_interval":{"confidence_level":0.95,"lower_bound":19.529941411117854,"upper_bound":40.284253179445095},"point_estimate":31.68079723977598,"standard_error":5.446247579397167},"slope":{"confidence_interval":{"confidence_level":0.95,"lower_bound":12795.446432493463,"upper_bound":12813.12096599942},"point_estimate":12803.997260839746,"standard_error":4.508806045827963},"std_dev":{"confidence_interval":{"confidence_level":0.95,"lower_bound":60.752409780886296,"upper_bound":337.6860513051099},"point_estimate":208.33579345257647,"standard_error":85.4915537118818}}