{"mean":{"confidence_interval":{"confidence_level":0.95,"lower_bound":757.3605754111852,"upper_bound":761.0345702607552},"point_estimate":759.0463222963209,"standard_error":0.9412985387285288},"median":{"confidence_interval":{"confidence_level":0.95,"lower_bound":755.8328953786603,"upper_bound":758.3983466118393},"point_estimate":756.8965270527783,"standard_error":0.5457133816951928},"median_abs_dev":{"confidence_interval":{"confidence_level":0.95,"lower_bound":3.3576574936189503,"upper_bound":6.1399249098970685},"point_estimate":4.295569753505875,"standard_error":0.7311599881495189},"slope":{"confidence_interval":{"confidence_level":0.95,"lower_bound":756.2591623612461,"upper_bound":758.0370212099544},"point_estimate":757.1474985242342,"standard_error":0.4511886446927149},"std_dev":{"confidence_interval":{"confidence_level":0.95,"lower_bound":5.760125175949564,"upper_bound":13.281193012856077},"point_estimate":9.462146552916296,"standard_error":2.0273048752862235}}