{"mean":{"confidence_interval":{"confidence_level":0.95,"lower_bound":134.70977576476773,"upper_bound":135.26623700114234},"point_estimate":134.96957672236584,"standard_error":0.1423628759362094},"median":{"confidence_interval":{"confidence_level":0.95,"lower_bound":134.36794381396874,"upper_bound":134.6026709039548},"point_estimate":134.45192961167132,"standard_error":0.05823709747286789},"median_abs_dev":{"confidence_interval":{"confidence_level":0.95,"lower_bound":0.34461345898760265,"upper_bound":0.7596964111910167},"point_estimate":0.5250222874873648,"standard_error":0.10653542492425375},"slope":{"confidence_interval":{"confidence_level":0.95,"lower_bound":134.33011164190629,"upper_bound":134.60984024100142},"point_estimate":134.46050760916012,"standard_error":0.07126332505371488},"std_dev":{"confidence_interval":{"confidence_level":0.95,"lower_bound":0.9319603765575559,"upper_bound":1.8689624352217036},"point_estimate":1.4300076914021473,"standard_error":0.24092452813027712}}