{"mean":{"confidence_interval":{"confidence_level":0.95,"lower_bound":99.48692321777344,"upper_bound":103.15589904785156},"point_estimate":101.3214111328125,"standard_error":1.2953271878634884},"median":{"confidence_interval":{"confidence_level":0.95,"lower_bound":99.48692321777344,"upper_bound":103.15589904785156},"point_estimate":101.3214111328125,"standard_error":1.2953271878634884},"median_abs_dev":{"confidence_interval":{"confidence_level":0.95,"lower_bound":0.0,"upper_bound":2.7198117345506034},"point_estimate":2.7198117345506034,"standard_error":1.3599071050727385},"slope":{"confidence_interval":{"confidence_level":0.95,"lower_bound":99.48692321777344,"upper_bound":103.15589904785156},"point_estimate":102.42210388183594,"standard_error":1.4087261878418882},"std_dev":{"confidence_interval":{"confidence_level":0.95,"lower_bound":0.0,"upper_bound":2.594357689457784},"point_estimate":2.594357689457784,"standard_error":1.297180025432908}}