{"mean":{"confidence_interval":{"confidence_level":0.95,"lower_bound":638.8160705566406,"upper_bound":672.9095458984375},"point_estimate":655.8628082275391,"standard_error":12.046552985224944},"median":{"confidence_interval":{"confidence_level":0.95,"lower_bound":638.8160705566406,"upper_bound":672.9095458984375},"point_estimate":655.8628082275391,"standard_error":12.046552985224944},"median_abs_dev":{"confidence_interval":{"confidence_level":0.95,"lower_bound":0.0,"upper_bound":25.273492822179833},"point_estimate":25.273492822179833,"standard_error":12.63680019096802},"slope":{"confidence_interval":{"confidence_level":0.95,"lower_bound":638.8160705566406,"upper_bound":672.9095458984375},"point_estimate":645.634765625,"standard_error":13.150979830129291},"std_dev":{"confidence_interval":{"confidence_level":0.95,"lower_bound":0.0,"upper_bound":24.107727608400918},"point_estimate":24.107727608400918,"standard_error":12.05391510344772}}