{"mean":{"confidence_interval":{"confidence_level":0.95,"lower_bound":6914.280029296875,"upper_bound":6933.78759765625},"point_estimate":6924.0338134765625,"standard_error":6.899400453093773},"median":{"confidence_interval":{"confidence_level":0.95,"lower_bound":6914.280029296875,"upper_bound":6933.78759765625},"point_estimate":6924.0338134765625,"standard_error":6.899400453093773},"median_abs_dev":{"confidence_interval":{"confidence_level":0.95,"lower_bound":0.0,"upper_bound":14.460960168071324},"point_estimate":14.460960168071324,"standard_error":7.230514465232109},"slope":{"confidence_interval":{"confidence_level":0.95,"lower_bound":6914.280029296875,"upper_bound":6933.78759765625},"point_estimate":6929.886083984375,"standard_error":7.4805974579173204},"std_dev":{"confidence_interval":{"confidence_level":0.95,"lower_bound":0.0,"upper_bound":13.793933871374197},"point_estimate":13.793933871374197,"standard_error":6.896999731012096}}