{"mean":{"confidence_interval":{"confidence_level":0.95,"lower_bound":107673.22750826967,"upper_bound":108243.31698310438},"point_estimate":107935.9482531915,"standard_error":145.405502269572},"median":{"confidence_interval":{"confidence_level":0.95,"lower_bound":107299.86533174728,"upper_bound":107605.707315649},"point_estimate":107476.81022727273,"standard_error":85.99286457440914},"median_abs_dev":{"confidence_interval":{"confidence_level":0.95,"lower_bound":546.4393893420195,"upper_bound":1127.8122243396758},"point_estimate":865.8881094910523,"standard_error":152.76205211813797},"slope":{"confidence_interval":{"confidence_level":0.95,"lower_bound":107250.49221980092,"upper_bound":107586.2648908361},"point_estimate":107403.32474951973,"standard_error":85.9271117703612},"std_dev":{"confidence_interval":{"confidence_level":0.95,"lower_bound":935.1417452964125,"upper_bound":2035.0607344566688},"point_estimate":1467.2185508955556,"standard_error":302.13611668742357}}