{"mean":{"confidence_interval":{"confidence_level":0.95,"lower_bound":588.6105666986115,"upper_bound":591.3160942981372},"point_estimate":589.8488424446286,"standard_error":0.6927529839376176},"median":{"confidence_interval":{"confidence_level":0.95,"lower_bound":587.9431922423408,"upper_bound":589.3046723923729},"point_estimate":588.8886333681546,"standard_error":0.35255544088993745},"median_abs_dev":{"confidence_interval":{"confidence_level":0.95,"lower_bound":1.8479221467376845,"upper_bound":3.33856980258234},"point_estimate":2.5922263980090703,"standard_error":0.37175562803242646},"slope":{"confidence_interval":{"confidence_level":0.95,"lower_bound":587.726027676656,"upper_bound":589.168151480476},"point_estimate":588.3821160395232,"standard_error":0.3691865565741025},"std_dev":{"confidence_interval":{"confidence_level":0.95,"lower_bound":3.972682368999215,"upper_bound":9.56993546530475},"point_estimate":6.996712092735854,"standard_error":1.4350946820456554}}