{"mean":{"confidence_interval":{"confidence_level":0.95,"lower_bound":31820.6728515625,"upper_bound":32007.783203125},"point_estimate":31914.22802734375,"standard_error":66.12472101746518},"median":{"confidence_interval":{"confidence_level":0.95,"lower_bound":31820.6728515625,"upper_bound":32007.783203125},"point_estimate":31914.22802734375,"standard_error":66.12472101746518},"median_abs_dev":{"confidence_interval":{"confidence_level":0.95,"lower_bound":0.0,"upper_bound":138.704901150777},"point_estimate":138.704901150777,"standard_error":69.35277169361191},"slope":{"confidence_interval":{"confidence_level":0.95,"lower_bound":31820.6728515625,"upper_bound":32007.783203125},"point_estimate":31970.3611328125,"standard_error":71.88945916778302},"std_dev":{"confidence_interval":{"confidence_level":0.95,"lower_bound":0.0,"upper_bound":132.30699842004267},"point_estimate":132.30699842004267,"standard_error":66.1538055163292}}