{"mean":{"confidence_interval":{"confidence_level":0.95,"lower_bound":156205.26948309425,"upper_bound":156923.5199399999},"point_estimate":156524.857561045,"standard_error":184.3904401687255},"median":{"confidence_interval":{"confidence_level":0.95,"lower_bound":155973.77944862156,"upper_bound":156160.24080446133},"point_estimate":156068.55789473682,"standard_error":48.33049989691627},"median_abs_dev":{"confidence_interval":{"confidence_level":0.95,"lower_bound":346.81042700615933,"upper_bound":676.7803952757212},"point_estimate":484.8900497042538,"standard_error":85.76815872893899},"slope":{"confidence_interval":{"confidence_level":0.95,"lower_bound":156095.51033290406,"upper_bound":156389.07465802875},"point_estimate":156235.783845553,"standard_error":74.93521144221401},"std_dev":{"confidence_interval":{"confidence_level":0.95,"lower_bound":844.404460961945,"upper_bound":2721.9132587014988},"point_estimate":1852.9659106978042,"standard_error":484.3869471514282}}