{"mean":{"confidence_interval":{"confidence_level":0.95,"lower_bound":151620.8336828368,"upper_bound":152944.19818623367},"point_estimate":152252.1279199085,"standard_error":338.53162819883704},"median":{"confidence_interval":{"confidence_level":0.95,"lower_bound":151084.99159663866,"upper_bound":152036.3243734049},"point_estimate":151659.65798143158,"standard_error":257.1024948592133},"median_abs_dev":{"confidence_interval":{"confidence_level":0.95,"lower_bound":1766.3547924701124,"upper_bound":3052.436498829868},"point_estimate":2349.286071217465,"standard_error":328.76649202366053},"slope":{"confidence_interval":{"confidence_level":0.95,"lower_bound":150999.22793267266,"upper_bound":152319.59810076718},"point_estimate":151636.7186961937,"standard_error":335.88028256770104},"std_dev":{"confidence_interval":{"confidence_level":0.95,"lower_bound":2460.565230306369,"upper_bound":4345.765648452519},"point_estimate":3406.1031805443104,"standard_error":489.11175284668786}}