{"mean":{"confidence_interval":{"confidence_level":0.95,"lower_bound":760.8461495627191,"upper_bound":763.123033234047},"point_estimate":761.7510183286255,"standard_error":0.5998039635528766},"median":{"confidence_interval":{"confidence_level":0.95,"lower_bound":760.5495947960654,"upper_bound":761.2990105006902},"point_estimate":760.9191534466802,"standard_error":0.20759442784111864},"median_abs_dev":{"confidence_interval":{"confidence_level":0.95,"lower_bound":1.1852965926685763,"upper_bound":2.0747152509646196},"point_estimate":1.5637811956614356,"standard_error":0.2218614154280063},"slope":{"confidence_interval":{"confidence_level":0.95,"lower_bound":761.0139541766194,"upper_bound":761.8017924171669},"point_estimate":761.3985336159429,"standard_error":0.2011889390277414},"std_dev":{"confidence_interval":{"confidence_level":0.95,"lower_bound":1.985814737224993,"upper_bound":9.89459334088075},"point_estimate":6.0496032011581065,"standard_error":2.635531154117479}}