{"mean":{"confidence_interval":{"confidence_level":0.95,"lower_bound":49.329566955566406,"upper_bound":51.25551223754883},"point_estimate":50.29253959655762,"standard_error":0.681115577165719},"median":{"confidence_interval":{"confidence_level":0.95,"lower_bound":49.329566955566406,"upper_bound":51.25551223754883},"point_estimate":50.29253959655762,"standard_error":0.681115577165719},"median_abs_dev":{"confidence_interval":{"confidence_level":0.95,"lower_bound":0.0,"upper_bound":1.4277032121867705},"point_estimate":1.4277032121867705,"standard_error":0.7138550634458171},"slope":{"confidence_interval":{"confidence_level":0.95,"lower_bound":49.329566955566406,"upper_bound":51.25551223754883},"point_estimate":50.870323181152344,"standard_error":0.7393079206605203},"std_dev":{"confidence_interval":{"confidence_level":0.95,"lower_bound":0.0,"upper_bound":1.3618489690840079},"point_estimate":1.3618489690840079,"standard_error":0.6809277824205715}}