{"mean":{"confidence_interval":{"confidence_level":0.95,"lower_bound":88.19250529291176,"upper_bound":88.46729773763035},"point_estimate":88.32595270460793,"standard_error":0.07014196128258951},"median":{"confidence_interval":{"confidence_level":0.95,"lower_bound":88.23603442000964,"upper_bound":88.45435737650719},"point_estimate":88.36242920254065,"standard_error":0.053171917671975495},"median_abs_dev":{"confidence_interval":{"confidence_level":0.95,"lower_bound":0.3282877178039757,"upper_bound":0.5921664483407345},"point_estimate":0.47258288308527757,"standard_error":0.06661607462555791},"slope":{"confidence_interval":{"confidence_level":0.95,"lower_bound":88.11787277583424,"upper_bound":88.39576187464735},"point_estimate":88.25054429032978,"standard_error":0.07070601594858103},"std_dev":{"confidence_interval":{"confidence_level":0.95,"lower_bound":0.5179594471392852,"upper_bound":0.8931222440406237},"point_estimate":0.7018732370159518,"standard_error":0.09765990724012522}}