{"mean":{"confidence_interval":{"confidence_level":0.95,"lower_bound":7140.508718306859,"upper_bound":7176.146584430444},"point_estimate":7156.443787016263,"standard_error":9.168410564617101},"median":{"confidence_interval":{"confidence_level":0.95,"lower_bound":7129.927201096266,"upper_bound":7138.613908872901},"point_estimate":7134.5883401387,"standard_error":2.120177532850878},"median_abs_dev":{"confidence_interval":{"confidence_level":0.95,"lower_bound":14.09393461994551,"upper_bound":23.01943424596825},"point_estimate":18.383785747979825,"standard_error":2.326503445497418},"slope":{"confidence_interval":{"confidence_level":0.95,"lower_bound":7137.678148825964,"upper_bound":7156.348502098954},"point_estimate":7145.680618320181,"standard_error":4.81273161258984},"std_dev":{"confidence_interval":{"confidence_level":0.95,"lower_bound":44.54679961230631,"upper_bound":132.27171183491342},"point_estimate":92.52015430908547,"standard_error":22.660987051087947}}