{"mean":{"confidence_interval":{"confidence_level":0.95,"lower_bound":470.8889998815813,"upper_bound":472.8888472754066},"point_estimate":471.8279186281969,"standard_error":0.5122688433414493},"median":{"confidence_interval":{"confidence_level":0.95,"lower_bound":470.12311315924217,"upper_bound":471.5900083325083},"point_estimate":471.07026832955404,"standard_error":0.3346177476591273},"median_abs_dev":{"confidence_interval":{"confidence_level":0.95,"lower_bound":2.0737015306978206,"upper_bound":3.8259427842039577},"point_estimate":2.913410760908209,"standard_error":0.4723155440108782},"slope":{"confidence_interval":{"confidence_level":0.95,"lower_bound":470.4567290246084,"upper_bound":471.93340143951986},"point_estimate":471.1663625338653,"standard_error":0.37698837623737574},"std_dev":{"confidence_interval":{"confidence_level":0.95,"lower_bound":3.4489731539790562,"upper_bound":6.817544231085315},"point_estimate":5.152975440087089,"standard_error":0.8819010930276323}}