{"mean":{"confidence_interval":{"confidence_level":0.95,"lower_bound":29450.9873046875,"upper_bound":29634.2666015625},"point_estimate":29542.626953125,"standard_error":64.68757018724293},"median":{"confidence_interval":{"confidence_level":0.95,"lower_bound":29450.9873046875,"upper_bound":29634.2666015625},"point_estimate":29542.626953125,"standard_error":64.68757018724293},"median_abs_dev":{"confidence_interval":{"confidence_level":0.95,"lower_bound":0.0,"upper_bound":135.86494036135264},"point_estimate":135.86494036135264,"standard_error":67.93240789956043},"slope":{"confidence_interval":{"confidence_level":0.95,"lower_bound":29450.9873046875,"upper_bound":29634.2666015625},"point_estimate":29597.6107421875,"standard_error":70.24891122759448},"std_dev":{"confidence_interval":{"confidence_level":0.95,"lower_bound":0.0,"upper_bound":129.5980336714149},"point_estimate":129.5980336714149,"standard_error":64.7989574273423}}