{"mean":{"confidence_interval":{"confidence_level":0.95,"lower_bound":97.01118340978289,"upper_bound":97.73479457864416},"point_estimate":97.34486019372751,"standard_error":0.1848946552897132},"median":{"confidence_interval":{"confidence_level":0.95,"lower_bound":96.55255964252112,"upper_bound":97.39213184108584},"point_estimate":96.94519982100444,"standard_error":0.25201807416072614},"median_abs_dev":{"confidence_interval":{"confidence_level":0.95,"lower_bound":0.8889752887514172,"upper_bound":1.5708211949304145},"point_estimate":1.1342804483704558,"standard_error":0.17739654308237934},"slope":{"confidence_interval":{"confidence_level":0.95,"lower_bound":96.93157313323883,"upper_bound":98.18967531914606},"point_estimate":97.48034920900128,"standard_error":0.32354595336430786},"std_dev":{"confidence_interval":{"confidence_level":0.95,"lower_bound":1.1770010233247952,"upper_bound":2.5395978785330686},"point_estimate":1.8582252179360543,"standard_error":0.3608065176182031}}