{"mean":{"confidence_interval":{"confidence_level":0.95,"lower_bound":6.6294762684444795,"upper_bound":6.649737085265859},"point_estimate":6.638750032167857,"standard_error":0.005192696764214386},"median":{"confidence_interval":{"confidence_level":0.95,"lower_bound":6.624092261670457,"upper_bound":6.632482238159331},"point_estimate":6.627955622675756,"standard_error":0.002527974732580211},"median_abs_dev":{"confidence_interval":{"confidence_level":0.95,"lower_bound":0.013403608003147452,"upper_bound":0.024889259759916786},"point_estimate":0.017998300698238125,"standard_error":0.003108667240778125},"slope":{"confidence_interval":{"confidence_level":0.95,"lower_bound":6.627816635825089,"upper_bound":6.645462974676418},"point_estimate":6.635944114699202,"standard_error":0.004512859679172575},"std_dev":{"confidence_interval":{"confidence_level":0.95,"lower_bound":0.03129327479374146,"upper_bound":0.07321955963607217},"point_estimate":0.05209645494178028,"standard_error":0.011235192026416681}}