{"mean":{"confidence_interval":{"confidence_level":0.95,"lower_bound":1029.257180198848,"upper_bound":1032.3954826914319},"point_estimate":1030.7521726239977,"standard_error":0.8009985343895983},"median":{"confidence_interval":{"confidence_level":0.95,"lower_bound":1027.077232760324,"upper_bound":1034.193445520209},"point_estimate":1031.5976662186117,"standard_error":1.9999279962107397},"median_abs_dev":{"confidence_interval":{"confidence_level":0.95,"lower_bound":5.816324057066948,"upper_bound":9.46791496934846},"point_estimate":8.472502680774147,"standard_error":0.8758402744454065},"slope":{"confidence_interval":{"confidence_level":0.95,"lower_bound":1028.5920136705004,"upper_bound":1032.1168577759565},"point_estimate":1030.377366334794,"standard_error":0.8989988986272244},"std_dev":{"confidence_interval":{"confidence_level":0.95,"lower_bound":6.019096817976562,"upper_bound":10.607789567156361},"point_estimate":8.030552882398226,"standard_error":1.337669833101853}}