{"mean":{"confidence_interval":{"confidence_level":0.95,"lower_bound":63.101959228515625,"upper_bound":66.32509231567383},"point_estimate":64.71352577209473,"standard_error":1.1399198118150173},"median":{"confidence_interval":{"confidence_level":0.95,"lower_bound":63.101959228515625,"upper_bound":66.32509231567383},"point_estimate":64.71352577209473,"standard_error":1.1399198118150173},"median_abs_dev":{"confidence_interval":{"confidence_level":0.95,"lower_bound":0.0,"upper_bound":2.3893085150916704},"point_estimate":2.3893085150916704,"standard_error":1.1946599861950937},"slope":{"confidence_interval":{"confidence_level":0.95,"lower_bound":63.101959228515625,"upper_bound":66.32509231567383},"point_estimate":65.68046569824219,"standard_error":1.2436575599787196},"std_dev":{"confidence_interval":{"confidence_level":0.95,"lower_bound":0.0,"upper_bound":2.279099262596297},"point_estimate":2.279099262596297,"standard_error":1.1395550957090537}}