{"mean":{"confidence_interval":{"confidence_level":0.95,"lower_bound":909918.1908708843,"upper_bound":913558.1011282429},"point_estimate":911580.8172263594,"standard_error":935.5828571678716},"median":{"confidence_interval":{"confidence_level":0.95,"lower_bound":908012.1111111111,"upper_bound":908849.8243243244},"point_estimate":908302.6906839623,"standard_error":208.5906819554084},"median_abs_dev":{"confidence_interval":{"confidence_level":0.95,"lower_bound":1304.0599388803896,"upper_bound":2340.071546628061},"point_estimate":1687.0581752292153,"standard_error":254.20028503617885},"slope":{"confidence_interval":{"confidence_level":0.95,"lower_bound":908731.7934520756,"upper_bound":911273.5562509174},"point_estimate":909887.8970370918,"standard_error":654.9040553501333},"std_dev":{"confidence_interval":{"confidence_level":0.95,"lower_bound":5474.596157571774,"upper_bound":12911.288349569513},"point_estimate":9402.012604848755,"standard_error":1932.339968937735}}