{"mean":{"confidence_interval":{"confidence_level":0.95,"lower_bound":205939.721106479,"upper_bound":206857.4850080562},"point_estimate":206300.52425941968,"standard_error":243.15073011390584},"median":{"confidence_interval":{"confidence_level":0.95,"lower_bound":205648.11384615384,"upper_bound":206145.99365079365},"point_estimate":205755.66428571427,"standard_error":136.63272575078855},"median_abs_dev":{"confidence_interval":{"confidence_level":0.95,"lower_bound":504.68708202517524,"upper_bound":941.7004909224974},"point_estimate":671.5362169982975,"standard_error":109.1752812126834},"slope":{"confidence_interval":{"confidence_level":0.95,"lower_bound":205903.81344229745,"upper_bound":206201.67305709276},"point_estimate":206051.2420842323,"standard_error":75.67080803775897},"std_dev":{"confidence_interval":{"confidence_level":0.95,"lower_bound":771.017103574607,"upper_bound":3998.5953527589027},"point_estimate":2438.1306241369616,"standard_error":1081.9464940442394}}