{"mean":{"confidence_interval":{"confidence_level":0.95,"lower_bound":169392.4857870841,"upper_bound":170401.0884692993},"point_estimate":169797.99390979006,"standard_error":265.09398344945595},"median":{"confidence_interval":{"confidence_level":0.95,"lower_bound":169155.26984126985,"upper_bound":169432.1709610641},"point_estimate":169326.01987179488,"standard_error":61.69727852251661},"median_abs_dev":{"confidence_interval":{"confidence_level":0.95,"lower_bound":402.1927770368606,"upper_bound":684.3656698943992},"point_estimate":559.4256213680661,"standard_error":70.25951876856237},"slope":{"confidence_interval":{"confidence_level":0.95,"lower_bound":169314.09051550317,"upper_bound":169739.95148770904},"point_estimate":169502.15090340376,"standard_error":109.24387789658195},"std_dev":{"confidence_interval":{"confidence_level":0.95,"lower_bound":761.5725952097704,"upper_bound":4344.356963166734},"point_estimate":2673.515396799075,"standard_error":1102.0243201363462}}