{"mean":{"confidence_interval":{"confidence_level":0.95,"lower_bound":49722.51171875,"upper_bound":50607.5},"point_estimate":50165.005859375,"standard_error":312.65987853968494},"median":{"confidence_interval":{"confidence_level":0.95,"lower_bound":49722.51171875,"upper_bound":50607.5},"point_estimate":50165.005859375,"standard_error":312.65987853968494},"median_abs_dev":{"confidence_interval":{"confidence_level":0.95,"lower_bound":0.0,"upper_bound":656.0418012435548},"point_estimate":656.0418012435548,"standard_error":328.0221814880666},"slope":{"confidence_interval":{"confidence_level":0.95,"lower_bound":49722.51171875,"upper_bound":50607.5},"point_estimate":49899.509375,"standard_error":339.7932983378865},"std_dev":{"confidence_interval":{"confidence_level":0.95,"lower_bound":0.0,"upper_bound":625.7812149425025},"point_estimate":625.7812149425025,"standard_error":312.8918292562941}}