{"mean":{"confidence_interval":{"confidence_level":0.95,"lower_bound":113034.97901415938,"upper_bound":114368.53453887774},"point_estimate":113633.02701834703,"standard_error":341.80983404788566},"median":{"confidence_interval":{"confidence_level":0.95,"lower_bound":112773.59315134099,"upper_bound":113177.09750566893},"point_estimate":112936.28126132657,"standard_error":110.57988011406054},"median_abs_dev":{"confidence_interval":{"confidence_level":0.95,"lower_bound":820.6190854310989,"upper_bound":1787.3566349347313},"point_estimate":1252.8309652927292,"standard_error":243.449084821948},"slope":{"confidence_interval":{"confidence_level":0.95,"lower_bound":112503.51722941315,"upper_bound":113184.6865145804},"point_estimate":112822.33252877527,"standard_error":172.97408616252875},"std_dev":{"confidence_interval":{"confidence_level":0.95,"lower_bound":1486.6812574309704,"upper_bound":4884.39822822282},"point_estimate":3434.6317235558745,"standard_error":843.1746286401601}}