{"mean":{"confidence_interval":{"confidence_level":0.95,"lower_bound":88569.53540828517,"upper_bound":88839.16552378864},"point_estimate":88683.68398064742,"standard_error":69.48918526967412},"median":{"confidence_interval":{"confidence_level":0.95,"lower_bound":88489.68402777778,"upper_bound":88562.39236111111},"point_estimate":88516.95407925408,"standard_error":19.461708625675943},"median_abs_dev":{"confidence_interval":{"confidence_level":0.95,"lower_bound":107.62944625917619,"upper_bound":189.63785686762571},"point_estimate":139.96736375439542,"standard_error":21.341835366755827},"slope":{"confidence_interval":{"confidence_level":0.95,"lower_bound":88497.87842557403,"upper_bound":88694.69759289487},"point_estimate":88584.30793680114,"standard_error":50.759346185122894},"std_dev":{"confidence_interval":{"confidence_level":0.95,"lower_bound":274.5020105692632,"upper_bound":1081.4354344798849},"point_estimate":696.5092764035339,"standard_error":232.66577358857347}}