{"mean":{"confidence_interval":{"confidence_level":0.95,"lower_bound":1204.2520621854947,"upper_bound":1212.7444990641059},"point_estimate":1208.015797934982,"standard_error":2.1834609704936954},"median":{"confidence_interval":{"confidence_level":0.95,"lower_bound":1202.6850246426475,"upper_bound":1206.9042241440927},"point_estimate":1205.5632762855148,"standard_error":1.1224909847751834},"median_abs_dev":{"confidence_interval":{"confidence_level":0.95,"lower_bound":5.075553198749874,"upper_bound":8.376239825391817},"point_estimate":6.85211464342259,"standard_error":0.861430443125805},"slope":{"confidence_interval":{"confidence_level":0.95,"lower_bound":1203.6852420431176,"upper_bound":1206.343132803233},"point_estimate":1204.9726194431162,"standard_error":0.6780705265826393},"std_dev":{"confidence_interval":{"confidence_level":0.95,"lower_bound":8.969589075389226,"upper_bound":32.03077597099783},"point_estimate":21.97732809740724,"standard_error":5.963189187298311}}