{"mean":{"confidence_interval":{"confidence_level":0.95,"lower_bound":57.13072417662113,"upper_bound":57.328985171978196},"point_estimate":57.21932988222741,"standard_error":0.05087909586280723},"median":{"confidence_interval":{"confidence_level":0.95,"lower_bound":57.093573187729866,"upper_bound":57.15618383892227},"point_estimate":57.1263708080037,"standard_error":0.013627670932610029},"median_abs_dev":{"confidence_interval":{"confidence_level":0.95,"lower_bound":0.12239298791941479,"upper_bound":0.2090356409263883},"point_estimate":0.16546536163196565,"standard_error":0.021025505816320792},"slope":{"confidence_interval":{"confidence_level":0.95,"lower_bound":57.14916641799936,"upper_bound":57.27964953755802},"point_estimate":57.20876019952597,"standard_error":0.033423773444071096},"std_dev":{"confidence_interval":{"confidence_level":0.95,"lower_bound":0.26312119661062183,"upper_bound":0.7514290228080047},"point_estimate":0.5096037925278365,"standard_error":0.1332826174052258}}