{"mean":{"confidence_interval":{"confidence_level":0.95,"lower_bound":52122.212162837124,"upper_bound":52470.70824181239},"point_estimate":52282.81840367541,"standard_error":89.17956014474774},"median":{"confidence_interval":{"confidence_level":0.95,"lower_bound":52051.38157894737,"upper_bound":52105.0},"point_estimate":52080.676847662144,"standard_error":14.427289138208703},"median_abs_dev":{"confidence_interval":{"confidence_level":0.95,"lower_bound":86.60253141703454,"upper_bound":280.76974666676006},"point_estimate":136.0978224787859,"standard_error":47.1347547135949},"slope":{"confidence_interval":{"confidence_level":0.95,"lower_bound":51970.74543807976,"upper_bound":52086.59910554766},"point_estimate":52027.73100339885,"standard_error":29.456510348728756},"std_dev":{"confidence_interval":{"confidence_level":0.95,"lower_bound":523.0078983257523,"upper_bound":1221.4275179839765},"point_estimate":897.8086838343243,"standard_error":179.0591517196457}}