{"mean":{"confidence_interval":{"confidence_level":0.95,"lower_bound":340.4746594541739,"upper_bound":342.0156248268641},"point_estimate":341.1682700908183,"standard_error":0.3957217446979484},"median":{"confidence_interval":{"confidence_level":0.95,"lower_bound":339.9231121417548,"upper_bound":340.27208159074644},"point_estimate":340.0949008138352,"standard_error":0.09762598400821657},"median_abs_dev":{"confidence_interval":{"confidence_level":0.95,"lower_bound":0.5144935545249986,"upper_bound":0.9141805304427197},"point_estimate":0.654167702017904,"standard_error":0.104143150614999},"slope":{"confidence_interval":{"confidence_level":0.95,"lower_bound":340.198247637872,"upper_bound":341.69197104782097},"point_estimate":340.8516024502649,"standard_error":0.3859766431154997},"std_dev":{"confidence_interval":{"confidence_level":0.95,"lower_bound":2.040891551515382,"upper_bound":5.625146339665065},"point_estimate":3.9784128523781184,"standard_error":0.9262689912332753}}