{"mean":{"confidence_interval":{"confidence_level":0.95,"lower_bound":903.3229231159856,"upper_bound":905.373761172269},"point_estimate":904.2819692453869,"standard_error":0.524176510140677},"median":{"confidence_interval":{"confidence_level":0.95,"lower_bound":902.2474602668932,"upper_bound":903.846418847943},"point_estimate":902.888147202229,"standard_error":0.3701281354161152},"median_abs_dev":{"confidence_interval":{"confidence_level":0.95,"lower_bound":2.2193506126533493,"upper_bound":3.8385337430323196},"point_estimate":3.0296020291666346,"standard_error":0.3991510604182045},"slope":{"confidence_interval":{"confidence_level":0.95,"lower_bound":902.724172718731,"upper_bound":904.3355870893922},"point_estimate":903.4656743840812,"standard_error":0.4108926474684124},"std_dev":{"confidence_interval":{"confidence_level":0.95,"lower_bound":3.4089361967433613,"upper_bound":7.051504703547839},"point_estimate":5.273974521026406,"standard_error":0.9509417501626586}}