{"mean":{"confidence_interval":{"confidence_level":0.95,"lower_bound":476.7269554791142,"upper_bound":479.79943140086056},"point_estimate":478.0822668174996,"standard_error":0.7856945611158656},"median":{"confidence_interval":{"confidence_level":0.95,"lower_bound":475.6230925433277,"upper_bound":476.5189589034548},"point_estimate":476.09095722741915,"standard_error":0.23873846819017036},"median_abs_dev":{"confidence_interval":{"confidence_level":0.95,"lower_bound":1.3371081512871927,"upper_bound":2.307472731221282},"point_estimate":1.808560378133241,"standard_error":0.24506196873267885},"slope":{"confidence_interval":{"confidence_level":0.95,"lower_bound":476.14315525770235,"upper_bound":477.13664282925913},"point_estimate":476.6027772368818,"standard_error":0.25434044765539304},"std_dev":{"confidence_interval":{"confidence_level":0.95,"lower_bound":3.541645152245829,"upper_bound":11.770877184435617},"point_estimate":7.89203596219696,"standard_error":2.1629714227149823}}