{"mean":{"confidence_interval":{"confidence_level":0.95,"lower_bound":83.68388938903809,"upper_bound":84.31631565093994},"point_estimate":84.00010251998901,"standard_error":0.22336036748961935},"median":{"confidence_interval":{"confidence_level":0.95,"lower_bound":83.68388938903809,"upper_bound":84.31631565093994},"point_estimate":84.00010251998901,"standard_error":0.22336036748961935},"median_abs_dev":{"confidence_interval":{"confidence_level":0.95,"lower_bound":0.0,"upper_bound":0.46881757962466963},"point_estimate":0.46881757962466963,"standard_error":0.23440943509843787},"slope":{"confidence_interval":{"confidence_level":0.95,"lower_bound":83.68388938903809,"upper_bound":84.31631565093994},"point_estimate":84.18983039855956,"standard_error":0.24171234292068267},"std_dev":{"confidence_interval":{"confidence_level":0.95,"lower_bound":0.0,"upper_bound":0.44719289839126153},"point_estimate":0.44719289839126153,"standard_error":0.22359706471722657}}