{"mean":{"confidence_interval":{"confidence_level":0.95,"lower_bound":555.7840798250403,"upper_bound":559.598198126473},"point_estimate":557.3572771054729,"standard_error":0.9926700275228607},"median":{"confidence_interval":{"confidence_level":0.95,"lower_bound":554.8444221508828,"upper_bound":556.1841591453307},"point_estimate":555.6721721336232,"standard_error":0.34653484640395665},"median_abs_dev":{"confidence_interval":{"confidence_level":0.95,"lower_bound":1.8719528365510898,"upper_bound":3.545479716361355},"point_estimate":2.6765913245511816,"standard_error":0.4451061326268418},"slope":{"confidence_interval":{"confidence_level":0.95,"lower_bound":555.252338090116,"upper_bound":556.248826911318},"point_estimate":555.7417134424662,"standard_error":0.25424298609892504},"std_dev":{"confidence_interval":{"confidence_level":0.95,"lower_bound":3.590563408527441,"upper_bound":15.983384875987705},"point_estimate":10.006474367441296,"standard_error":3.8510725530268886}}