{"mean":{"confidence_interval":{"confidence_level":0.95,"lower_bound":492.5487787762853,"upper_bound":496.4506273612057},"point_estimate":494.40869090100676,"standard_error":0.9933167855744639},"median":{"confidence_interval":{"confidence_level":0.95,"lower_bound":490.5571222265588,"upper_bound":494.9282448519176},"point_estimate":492.213175365667,"standard_error":1.0441096831502876},"median_abs_dev":{"confidence_interval":{"confidence_level":0.95,"lower_bound":5.595841019512987,"upper_bound":9.751002660424735},"point_estimate":7.552727168067309,"standard_error":1.0877846781102318},"slope":{"confidence_interval":{"confidence_level":0.95,"lower_bound":492.1527822875862,"upper_bound":495.2284756630398},"point_estimate":493.67454844726313,"standard_error":0.7880577979718852},"std_dev":{"confidence_interval":{"confidence_level":0.95,"lower_bound":7.2999070210807995,"upper_bound":12.950993649347847},"point_estimate":9.9846393638492,"standard_error":1.5222071344986523}}