{"mean":{"confidence_interval":{"confidence_level":0.95,"lower_bound":127.68351364135742,"upper_bound":128.33716011047363},"point_estimate":128.01033687591553,"standard_error":0.23132868183986738},"median":{"confidence_interval":{"confidence_level":0.95,"lower_bound":127.68351364135742,"upper_bound":128.33716011047363},"point_estimate":128.01033687591553,"standard_error":0.23132868183986738},"median_abs_dev":{"confidence_interval":{"confidence_level":0.95,"lower_bound":0.0,"upper_bound":0.48454811895339844},"point_estimate":0.48454811895339844,"standard_error":0.24227479594775728},"slope":{"confidence_interval":{"confidence_level":0.95,"lower_bound":127.68351364135742,"upper_bound":128.33716011047363},"point_estimate":128.2064308166504,"standard_error":0.25077644682544026},"std_dev":{"confidence_interval":{"confidence_level":0.95,"lower_bound":0.0,"upper_bound":0.46219785081071596},"point_estimate":0.46219785081071596,"standard_error":0.23109962790584165}}