{"mean":{"confidence_interval":{"confidence_level":0.95,"lower_bound":7503844.198071429,"upper_bound":7517050.124964286},"point_estimate":7510258.957142855,"standard_error":3371.9126897570563},"median":{"confidence_interval":{"confidence_level":0.95,"lower_bound":7495709.857142857,"upper_bound":7509410.428571428},"point_estimate":7504002.928571429,"standard_error":3522.638339997941},"median_abs_dev":{"confidence_interval":{"confidence_level":0.95,"lower_bound":21606.670716404915,"upper_bound":37714.9499904253},"point_estimate":30287.399462291072,"standard_error":4156.10883161352},"slope":null,"std_dev":{"confidence_interval":{"confidence_level":0.95,"lower_bound":27408.01181334904,"upper_bound":40003.938090502816},"point_estimate":33804.93703722734,"standard_error":3234.2670760893047}}