{"mean":{"confidence_interval":{"confidence_level":0.95,"lower_bound":41.73609733581543,"upper_bound":41.93782711029053},"point_estimate":41.83696222305298,"standard_error":0.07120883748948048},"median":{"confidence_interval":{"confidence_level":0.95,"lower_bound":41.73609733581543,"upper_bound":41.93782711029053},"point_estimate":41.83696222305298,"standard_error":0.07120883748948048},"median_abs_dev":{"confidence_interval":{"confidence_level":0.95,"lower_bound":0.0,"upper_bound":0.14954227916348373},"point_estimate":0.14954227916348373,"standard_error":0.07477113537950503},"slope":{"confidence_interval":{"confidence_level":0.95,"lower_bound":41.73609733581543,"upper_bound":41.93782711029053},"point_estimate":41.89748115539551,"standard_error":0.07740464405680156},"std_dev":{"confidence_interval":{"confidence_level":0.95,"lower_bound":0.0,"upper_bound":0.14264449149857447},"point_estimate":0.14264449149857447,"standard_error":0.07132224174095735}}