{"mean":{"confidence_interval":{"confidence_level":0.95,"lower_bound":695.9704024963437,"upper_bound":698.1717446780972},"point_estimate":696.7926786156353,"standard_error":0.6131050710897029},"median":{"confidence_interval":{"confidence_level":0.95,"lower_bound":695.7540755657844,"upper_bound":696.2516655562958},"point_estimate":696.031321858326,"standard_error":0.13089022258440128},"median_abs_dev":{"confidence_interval":{"confidence_level":0.95,"lower_bound":0.7461568317246272,"upper_bound":1.2219985332106502},"point_estimate":0.9126140704381533,"standard_error":0.12438270549163526},"slope":{"confidence_interval":{"confidence_level":0.95,"lower_bound":695.9473830477965,"upper_bound":696.5365433568015},"point_estimate":696.2162353229467,"standard_error":0.15124400243887282},"std_dev":{"confidence_interval":{"confidence_level":0.95,"lower_bound":1.190351876222762,"upper_bound":10.370079214736242},"point_estimate":6.165645073772143,"standard_error":3.129254480963558}}