{"mean":{"confidence_interval":{"confidence_level":0.95,"lower_bound":641.549529634233,"upper_bound":644.6089302760073},"point_estimate":642.9836707405088,"standard_error":0.7787226303927475},"median":{"confidence_interval":{"confidence_level":0.95,"lower_bound":640.9157782515991,"upper_bound":643.0423991425384},"point_estimate":642.2053538965671,"standard_error":0.6344820925750589},"median_abs_dev":{"confidence_interval":{"confidence_level":0.95,"lower_bound":4.18133242891296,"upper_bound":6.72861970772166},"point_estimate":5.446189734589226,"standard_error":0.6626951707941388},"slope":{"confidence_interval":{"confidence_level":0.95,"lower_bound":641.7513187636575,"upper_bound":644.3184652278655},"point_estimate":642.9731853642908,"standard_error":0.6517393561441017},"std_dev":{"confidence_interval":{"confidence_level":0.95,"lower_bound":5.30810959820628,"upper_bound":10.435596077658493},"point_estimate":7.817864610827337,"standard_error":1.3589692746323763}}