{"mean":{"confidence_interval":{"confidence_level":0.95,"lower_bound":431.21725772463856,"upper_bound":432.5234178810888},"point_estimate":431.7963510567465,"standard_error":0.3366520139463086},"median":{"confidence_interval":{"confidence_level":0.95,"lower_bound":430.9242842083339,"upper_bound":431.13781268179173},"point_estimate":431.0511771015125,"standard_error":0.0485864722434188},"median_abs_dev":{"confidence_interval":{"confidence_level":0.95,"lower_bound":0.4184619982848486,"upper_bound":0.7763351888489387},"point_estimate":0.6017627500100904,"standard_error":0.08743321310297628},"slope":{"confidence_interval":{"confidence_level":0.95,"lower_bound":431.0829161968003,"upper_bound":432.62026358551503},"point_estimate":431.74302213080574,"standard_error":0.3973203641417593},"std_dev":{"confidence_interval":{"confidence_level":0.95,"lower_bound":1.4195537176771695,"upper_bound":4.977066923880221},"point_estimate":3.4049582828341816,"standard_error":0.9154356168966064}}