{"mean":{"confidence_interval":{"confidence_level":0.95,"lower_bound":4751.785793530024,"upper_bound":4768.237566968489},"point_estimate":4759.314728768682,"standard_error":4.214924161023303},"median":{"confidence_interval":{"confidence_level":0.95,"lower_bound":4747.997821757531,"upper_bound":4757.82572815534},"point_estimate":4752.045352391226,"standard_error":2.5530181551656357},"median_abs_dev":{"confidence_interval":{"confidence_level":0.95,"lower_bound":14.545983512298255,"upper_bound":25.260746344309275},"point_estimate":20.455567096387856,"standard_error":2.734277311648301},"slope":{"confidence_interval":{"confidence_level":0.95,"lower_bound":4749.081641644365,"upper_bound":4763.180150441408},"point_estimate":4755.538836084884,"standard_error":3.6037023943664344},"std_dev":{"confidence_interval":{"confidence_level":0.95,"lower_bound":23.565698032771802,"upper_bound":58.04776963969331},"point_estimate":42.12791344635449,"standard_error":8.898202974800942}}