{"mean":{"confidence_interval":{"confidence_level":0.95,"lower_bound":608.9254494033822,"upper_bound":611.2013499828639},"point_estimate":610.0756854759079,"standard_error":0.579609949686263},"median":{"confidence_interval":{"confidence_level":0.95,"lower_bound":609.6053694184178,"upper_bound":611.5085095262983},"point_estimate":610.5908189211448,"standard_error":0.47045418000907524},"median_abs_dev":{"confidence_interval":{"confidence_level":0.95,"lower_bound":3.7370203857606707,"upper_bound":7.085139404788055},"point_estimate":5.016830509271745,"standard_error":0.8825465957536315},"slope":{"confidence_interval":{"confidence_level":0.95,"lower_bound":609.6713732117007,"upper_bound":611.6351468616892},"point_estimate":610.6481162269426,"standard_error":0.5007805844061247},"std_dev":{"confidence_interval":{"confidence_level":0.95,"lower_bound":4.902979163623843,"upper_bound":6.643941403270693},"point_estimate":5.813546949074112,"standard_error":0.44283996543890636}}