{"mean":{"confidence_interval":{"confidence_level":0.95,"lower_bound":55.31131935119629,"upper_bound":55.32089805603027},"point_estimate":55.31610870361328,"standard_error":0.003377201943741171},"median":{"confidence_interval":{"confidence_level":0.95,"lower_bound":55.31131935119629,"upper_bound":55.32089805603027},"point_estimate":55.31610870361328,"standard_error":0.003377201943741171},"median_abs_dev":{"confidence_interval":{"confidence_level":0.95,"lower_bound":0.0,"upper_bound":0.007100693767370103},"point_estimate":0.007100693767370103,"standard_error":0.0035503101519478095},"slope":{"confidence_interval":{"confidence_level":0.95,"lower_bound":55.31131935119629,"upper_bound":55.32089805603027},"point_estimate":55.31323509216308,"standard_error":0.00366690489946225},"std_dev":{"confidence_interval":{"confidence_level":0.95,"lower_bound":0.0,"upper_bound":0.006773167143094714},"point_estimate":0.006773167143094714,"standard_error":0.003386548534098363}}