{"mean":{"confidence_interval":{"confidence_level":0.95,"lower_bound":502.74390431343375,"upper_bound":505.05297315188005},"point_estimate":503.87322830642705,"standard_error":0.5892455877708302},"median":{"confidence_interval":{"confidence_level":0.95,"lower_bound":502.9647565922921,"upper_bound":503.7574633579795},"point_estimate":503.2550576121253,"standard_error":0.2167720255406669},"median_abs_dev":{"confidence_interval":{"confidence_level":0.95,"lower_bound":1.3486829209026971,"upper_bound":2.4110963099959806},"point_estimate":1.7692033079841403,"standard_error":0.2550671428869302},"slope":{"confidence_interval":{"confidence_level":0.95,"lower_bound":502.42449323348694,"upper_bound":504.1932758199823},"point_estimate":503.3289409108935,"standard_error":0.450492906682718},"std_dev":{"confidence_interval":{"confidence_level":0.95,"lower_bound":4.186683099827892,"upper_bound":7.63052617620751},"point_estimate":5.904974731075103,"standard_error":0.8926727097592561}}