{"mean":{"confidence_interval":{"confidence_level":0.95,"lower_bound":870.7256719814953,"upper_bound":874.238081318053},"point_estimate":872.1350744887917,"standard_error":0.9205976770380293},"median":{"confidence_interval":{"confidence_level":0.95,"lower_bound":869.806174749037,"upper_bound":871.2455377929535},"point_estimate":870.5797778244183,"standard_error":0.3650946500981039},"median_abs_dev":{"confidence_interval":{"confidence_level":0.95,"lower_bound":2.351190240048631,"upper_bound":4.282814901331924},"point_estimate":3.428835261743448,"standard_error":0.48533374552232},"slope":{"confidence_interval":{"confidence_level":0.95,"lower_bound":870.3571722298548,"upper_bound":871.7981479113223},"point_estimate":871.0530474667598,"standard_error":0.3673144995360035},"std_dev":{"confidence_interval":{"confidence_level":0.95,"lower_bound":3.1961870064262214,"upper_bound":15.008910838778553},"point_estimate":9.263724080085227,"standard_error":3.8543283218583277}}