{"mean":{"confidence_interval":{"confidence_level":0.95,"lower_bound":1981.6175240631374,"upper_bound":1988.9122073284661},"point_estimate":1984.720345291472,"standard_error":1.8846562261225983},"median":{"confidence_interval":{"confidence_level":0.95,"lower_bound":1980.5787939515394,"upper_bound":1983.0340917128374},"point_estimate":1981.9027272493704,"standard_error":0.6837236976799461},"median_abs_dev":{"confidence_interval":{"confidence_level":0.95,"lower_bound":3.7253786784042684,"upper_bound":6.08998339800269},"point_estimate":4.991779518465272,"standard_error":0.6013644544996644},"slope":{"confidence_interval":{"confidence_level":0.95,"lower_bound":1980.844556802713,"upper_bound":1984.3556344167905},"point_estimate":1982.3287878253923,"standard_error":0.8990568112011498},"std_dev":{"confidence_interval":{"confidence_level":0.95,"lower_bound":6.753355432511793,"upper_bound":29.641257104615246},"point_estimate":18.911412719520502,"standard_error":6.423019599353231}}