{"mean":{"confidence_interval":{"confidence_level":0.95,"lower_bound":80.46736357631438,"upper_bound":81.07939046143554},"point_estimate":80.72537136958984,"standard_error":0.1583590845753595},"median":{"confidence_interval":{"confidence_level":0.95,"lower_bound":80.54729212126838,"upper_bound":80.6445595902356},"point_estimate":80.59940305737639,"standard_error":0.02514031280579005},"median_abs_dev":{"confidence_interval":{"confidence_level":0.95,"lower_bound":0.2811342805984994,"upper_bound":0.7478311334104156},"point_estimate":0.4009511243297078,"standard_error":0.11817167822105792},"slope":{"confidence_interval":{"confidence_level":0.95,"lower_bound":80.33668709227025,"upper_bound":80.84905977324934},"point_estimate":80.57272726967108,"standard_error":0.13087268542098354},"std_dev":{"confidence_interval":{"confidence_level":0.95,"lower_bound":0.6526984154767602,"upper_bound":2.513862665629566},"point_estimate":1.5927708275950498,"standard_error":0.5816816612911886}}