{"mean":{"confidence_interval":{"confidence_level":0.95,"lower_bound":1057101.09375,"upper_bound":1062447.5625},"point_estimate":1059774.328125,"standard_error":1884.8079130198619},"median":{"confidence_interval":{"confidence_level":0.95,"lower_bound":1057101.09375,"upper_bound":1062447.5625},"point_estimate":1059774.328125,"standard_error":1884.8079130198619},"median_abs_dev":{"confidence_interval":{"confidence_level":0.95,"lower_bound":0.0,"upper_bound":3963.337214011699},"point_estimate":3963.337214011699,"standard_error":1981.6456414819443},"slope":{"confidence_interval":{"confidence_level":0.95,"lower_bound":1057101.09375,"upper_bound":1062447.5625},"point_estimate":1058170.3875,"standard_error":2057.061115522184},"std_dev":{"confidence_interval":{"confidence_level":0.95,"lower_bound":0.0,"upper_bound":3780.5243085269644},"point_estimate":3780.5243085269644,"standard_error":1890.2402480485189}}