{"mean":{"confidence_interval":{"confidence_level":0.95,"lower_bound":1786.4795532226562,"upper_bound":1807.8984375},"point_estimate":1797.1889953613281,"standard_error":7.569759852681584},"median":{"confidence_interval":{"confidence_level":0.95,"lower_bound":1786.4795532226562,"upper_bound":1807.8984375},"point_estimate":1797.1889953613281,"standard_error":7.569759852681584},"median_abs_dev":{"confidence_interval":{"confidence_level":0.95,"lower_bound":0.0,"upper_bound":15.877818632907292},"point_estimate":15.877818632907292,"standard_error":7.93894683761559},"slope":{"confidence_interval":{"confidence_level":0.95,"lower_bound":1786.4795532226562,"upper_bound":1807.8984375},"point_estimate":1790.763330078125,"standard_error":8.21336116085026},"std_dev":{"confidence_interval":{"confidence_level":0.95,"lower_bound":0.0,"upper_bound":15.145438317959691},"point_estimate":15.145438317959691,"standard_error":7.572754949436439}}