{"mean":{"confidence_interval":{"confidence_level":0.95,"lower_bound":40961.549528764255,"upper_bound":41082.41313840272},"point_estimate":41017.732658679684,"standard_error":30.792986002494033},"median":{"confidence_interval":{"confidence_level":0.95,"lower_bound":40920.10134545455,"upper_bound":40982.805432098765},"point_estimate":40948.839491298524,"standard_error":16.994224280463243},"median_abs_dev":{"confidence_interval":{"confidence_level":0.95,"lower_bound":118.04648786425909,"upper_bound":208.0597373291068},"point_estimate":150.2390657917419,"standard_error":24.044674624699194},"slope":{"confidence_interval":{"confidence_level":0.95,"lower_bound":40947.82513771242,"upper_bound":41016.573995134524},"point_estimate":40981.00690799468,"standard_error":17.460292149199528},"std_dev":{"confidence_interval":{"confidence_level":0.95,"lower_bound":195.64033979416234,"upper_bound":419.347720263702},"point_estimate":310.5896397657384,"standard_error":58.269962111693836}}